subject,writer,view,file,comment,id,date
1370,2022-2학기 제2전공(부·복수·융합전공) 신청 안내 ,컴퓨터공학전공,2022.05.17,0,8,
1369,2022-2학기 IPP장기현장실습 (졸업인증용) 안내 ,컴퓨터공학전공,2022.05.16,0,35,
1368,2022-1학기 졸업인증 신청결과 및 심사평가 안내 ,컴퓨터공학전공,2022.05.16,0,43,
1367,2022학년도 하계계절학기 수강신청 안내 ,컴퓨터공학전공,2022.05.13,0,38,
1366,2022-1학기 장학사정관 장학생 추천 ,컴퓨터공학전공,2022.05.13,0,25,
1365,2022년도 2학기 조기졸업 안내 ,컴퓨터공학전공,2022.05.12,0,51,
1364,2022-1학기 가천동문 장학금 개선 및 신청기간 안내 ,컴퓨터공학전공,2022.05.12,0,41,
1363,졸업작품(또는 프로젝트)를 위한 기술분야 의견수렴 조사 ,컴퓨터공학전공,2022.05.11,0,317,
1362,(필독) 컴공 졸업인증 학과내규 안내,컴퓨터공학전공,2022.05.06,0,486,
1361,(필독) 컴공 졸업인증 심사신청서 제출안내,컴퓨터공학전공,2022.05.06,0,391,
1360,2022-1학기 Open Lab Fair 행사,컴퓨터공학전공,2022.05.04,0,247,
1359,2022-하계 단기 현장실습학기제(현장실습) 시행 안내,컴퓨터공학전공,2022.05.04,0,130,
1358,2022학년도 주심장학생단 장학생 선발 안내,컴퓨터공학전공,2022.05.03,0,67,
1357,AK아이에스(주) 상반기 신입 모집공고,컴퓨터공학전공,2022.05.03,0,64,
1356,2022 가천대학교 창의적 종합설계 아이디어 공모전 안내,컴퓨터공학전공,2022.04.29,0,81,
1355,통합 10주년 메타버스 박람회 「가천 FOR 10」 직무멘토링 및 채용특강 사전신청 안내,컴퓨터공학전공,2022.04.28,0,53,
1354,컴퓨터공학과 4학년 진로 설문조사,컴퓨터공학전공,2022.04.28,0,73,
1353,5월 컴퓨터공학과 CAP 특강 안내,컴퓨터공학전공,2022.04.27,0,131,
1352,2022학년도 하계 계절학기 예비수강신청 및 일정 안내,컴퓨터공학전공,2022.04.20,0,104,
1351,2022년 국가우수장학(이공계) 장학생 성적우수 및 재학중우수유형 추천,컴퓨터공학전공,2022.04.11,0,87,
1350,2022-1학기 고 의인 천소룡기념 장학금 신청 안내,컴퓨터공학전공,2022.04.11,0,75,
1349,[대학혁신]2022년 학습전략워크숍 시행,컴퓨터공학전공,2022.04.06,0,84,
1348,월드IT쇼 초청장 배부,컴퓨터공학전공,2022.04.06,0,103,
1347,2022학년도 자랑스러운 가천인상 및 가천인재상 추천 안내,컴퓨터공학전공,2022.04.05,0,100,
1346,2021-후기 졸업대상자 제2전공(부/복수) 자격신청서 제출 안내,컴퓨터공학전공,2022.04.05,0,66,
1345,[KISIA] 한국정보보호산업협회 상반기 인턴 채용공고,컴퓨터공학전공,2022.04.01,0,94,
1344,발란(BALAAN) 채용 정보,컴퓨터공학전공,2022.04.01,0,160,
1343,AI공학과 강의실 재배치 안내,컴퓨터공학전공,2022.03.28,0,291,
1342,2021-후기 졸업예정자 안내,컴퓨터공학전공,2022.03.23,0,154,
1341,2021-후기 졸업예정자 1차 졸업사정자료 확인 방법,컴퓨터공학전공,2022.03.21,0,166,
1340,2022학년도 졸업인증 대체프로그램 운영,컴퓨터공학전공,2022.03.21,0,184,
1339,2022학년도 1학기 수강신청 확인서 제출 안내,컴퓨터공학전공,2022.03.21,0,107,
1338,2022-1학기 교내장학금 2차 신청기간 안내,컴퓨터공학전공,2022.03.21,0,129,
1337,2022 신입생 및 재학생 실태조사 실시 안내,컴퓨터공학전공,2022.03.15,0,99,
1336,AI공학관 비대면 수업 2주 연장,컴퓨터공학전공,2022.03.15,0,139,
1335,2022 인성세미나 수강생 대상 가천 Pride Up 1:1 맞춤형 상담 신청 안내,컴퓨터공학전공,2022.03.15,0,57,
1334,노트북지원금 신청서류 작성 유의사항,컴퓨터공학전공,2022.03.10,0,424,
1333,[Must-Read] 2022-1 Semester Application for Person,컴퓨터공학전공,2022.03.04,0,203,
1332,*마감* 2022 1학기 노트북지원금 신청 안내 *내용 추가,컴퓨터공학전공,2022.03.04,0,1206,
1331,[LINC+] 스마트에너지시스템 융합전공 학생 추가모집(3학년),컴퓨터공학전공,2022.03.04,0,52,
1330,대학원생 및 학부 연구생 모집 (기계공학과 김남중 교수),컴퓨터공학전공,2022.03.04,0,114,
1329,IT특강 증원관련 수강신청 안내,컴퓨터공학전공,2022.03.02,0,236,
1328,전기화학공학 강좌내용 안내,컴퓨터공학전공,2022.03.02,0,86,
1327,확률과통계 및 증원불가과목 안내,컴퓨터공학전공,2022.03.02,0,198,
1326,스마트보안학과 전공신청 관련,컴퓨터공학전공,2022.03.02,0,108,
1325,2022-1학기 전공강의 수요조사 결과에 따른 처리안내,컴퓨터공학전공,2022.02.28,0,1107,
1324,2022-1학기 수강과목 수요조사 안내 [212],컴퓨터공학전공,2022.02.21,212,2861,
1323,디지털 청년 고민해결단 온라인 멘토링,컴퓨터공학전공,2022.02.18,0,126,
1322,컴퓨터공학과 사무실 이전 안내,컴퓨터공학전공,2022.02.18,0,373,
1321,수강신청 안내,컴퓨터공학전공,2022.02.14,0,1705,
1320,시간표 변경사항 안내,컴퓨터공학전공,2022.02.11,0,486,
1319,외국어능력 졸업인증 인정 공인시험 추가,컴퓨터공학전공,2022.02.10,0,136,
1318,2022학년도 1학기 수강신청 안내,컴퓨터공학전공,2022.02.10,0,444,
1317,팹리스 아카데미 설명회 안내,컴퓨터공학전공,2022.02.09,0,150,
1316,2021-전기 졸업예정자 불합격 통보자 필독사항,컴퓨터공학전공,2022.01.26,0,411,
1315,2021학년도 전기 학위수여 및 학위복 대여 안내,컴퓨터공학전공,2022.01.26,0,402,
1314,"2021-전기 졸업대상자(합격자, 불합격자) 안내문",컴퓨터공학전공,2022.01.26,0,231,
1313,2022년 상반기「ICT 학점연계 프로젝트 인턴십」모집 안내,컴퓨터공학전공,2022.01.21,0,176,
1312,2022-1학기 취창업진로세미나 수업 수요조사,컴퓨터공학전공,2022.01.18,0,140,
1311,학과 건물 이전 안내,컴퓨터공학전공,2022.01.12,0,541,
1310,2021-2학기 ‘학사경고자를 위한 re:start’ 프로그램 이수 안내,컴퓨터공학전공,2022.01.05,0,148,
1309,2022-1학기 학·석사연계과정 신청 안내,컴퓨터공학전공,2021.12.29,0,207,
1308,바이오-인공지능 융합전공 참여자 모집 공고,컴퓨터공학전공,2021.12.24,0,152,
1307,[LINC+]2022 바이오-인공지능 융합전공 신규모집을 위한 수요조사,컴퓨터공학전공,2021.12.23,0,83,
1306,표준 현장실습학기제 (주)에이치티원 학생 1명모집,컴퓨터공학전공,2021.12.22,0,161,
1305,IT 디스플레이 융복합 플랫폼 융합전공 참여자 모집 (2022년 3학년 대상),컴퓨터공학전공,2021.12.20,0,143,
1304,[LINC+] 스마트에너지시스템 융합전공 학생 추가모집(3학년),컴퓨터공학전공,2021.12.17,0,100,
1303,IPP형 일학습병행 모집,컴퓨터공학전공,2021.12.16,0,211,
1302,빅씨앤에스(주) 보안솔루션 기술지원 엔지니어 모집,컴퓨터공학전공,2021.12.16,0,120,
1301,2022학년도 1학기 교내장학금 신청 기간 안내,컴퓨터공학전공,2021.12.15,0,208,
1300,2021-전기 졸업대상자 전공 Honors 졸업인증 신청서 제출 안내,컴퓨터공학전공,2021.12.14,0,109,
1299,2022-1학기 전과신청자 1차 합격자 명단 및 면접(2차) 안내,컴퓨터공학전공,2021.12.10,0,432,
1298,2022-1학기 재입학 신청 안내,컴퓨터공학전공,2021.12.07,0,72,
1297,동계 단기 현장실습학기제 이수 후 취업연계 학생 모집,컴퓨터공학전공,2021.12.07,0,181,
1296,아이티센그룹 하반기 공채 안내,컴퓨터공학전공,2021.12.06,0,123,
1295,2021-전기 융합(연계)부전공 자격신청서 제출 안내,컴퓨터공학전공,2021.12.03,0,112,
1294,2021-전기 융합(연계)전공 자격신청서 제출 안내,컴퓨터공학전공,2021.12.02,0,177,
1293,2022-1학기 미등록휴학 및 휴학연기 안내,컴퓨터공학전공,2021.11.30,0,93,
1292,2021-2학기 실·폐업자 자녀 긴급 경제사정 곤란자 교내장학금,컴퓨터공학전공,2021.11.29,0,76,
1291,창의NTree 상장 및 장학금 지급,컴퓨터공학전공,2021.11.29,0,183,
1290,SW중심대학사업단 2021-동계 실습조교 신청 안내,컴퓨터공학전공,2021.11.25,0,125,
1289,[IPP사업단] 22년도 일학습병행제 및 신입사원 추천,컴퓨터공학전공,2021.11.19,0,230,
1288,2021 컴공 Open Lab Fair 소개 자료 공유,컴퓨터공학전공,2021.11.19,0,230,
1287,(주)가천헬스케어텍 채용정보,컴퓨터공학전공,2021.11.17,0,110,
1286,2021-2 컴퓨터공학과 졸업작품 심사 결과,컴퓨터공학전공,2021.11.16,0,495,
1285,2021학년도 재학생 교육만족도 조사,컴퓨터공학전공,2021.11.16,0,83,
1284,마이크로소프트와 함께 하는 온라인 잡 페어(Job Fair) 3,컴퓨터공학전공,2021.11.15,0,169,
1283,외국어능력 졸업인증 인정 공인시험 추가,컴퓨터공학전공,2021.11.15,0,131,
1282,2021-동계 외국어능력 졸업인증 대체프로그램 시행안내,컴퓨터공학전공,2021.11.12,0,108,
1281,2022-1학기 조기졸업 신청 안내,컴퓨터공학전공,2021.11.12,0,100,
1280,2021 컴퓨터공학과 연구실 소개자료,컴퓨터공학전공,2021.11.11,0,189,
1279,2021 Winter Season Semester Course Enrollment,컴퓨터공학전공,2021.11.10,0,91,
1278,제9회 학생융합캠프 참여 안내,컴퓨터공학전공,2021.11.09,0,94,
1277,2021학년도 동계계절학기 수강신청 안내,컴퓨터공학전공,2021.11.09,0,161,
1276,(주)카카오 엔터프라이즈에서 인턴사원 모집,컴퓨터공학전공,2021.11.04,0,355,
1275,2022-1학기 부전공·복수전공 신청 안내,컴퓨터공학전공,2021.11.03,0,154,
1274,2022-1학기 융합(연계)전공 신청 안내,컴퓨터공학전공,2021.11.03,0,191,
1273,2021 컴퓨터공학과 Open Lab Fair 행사 안내,컴퓨터공학전공,2021.11.01,0,300,
1272,2021-2학기 졸업작품 팀별 발표시간 안내(11.09수정),컴퓨터공학전공,2021.11.01,0,722,
1271,2021-2학기 컴퓨터공학과 졸업작품 심사요령 안내(수정),컴퓨터공학전공,2021.11.01,0,557,
1270,창의 NTree 안내사항,컴퓨터공학전공,2021.11.01,0,95,
1269,(중요)컴퓨터공학과 교과과정 개편 설문조사,컴퓨터공학전공,2021.10.27,0,145,
1268,[Must-Read] Additional Application for Graduation,컴퓨터공학전공,2021.10.25,0,71,
1267,Pre-Enrollment for 2021 Winter Season Semester Cou,컴퓨터공학전공,2021.10.25,0,39,
1266,[Must-read-only foreign students] Information on,컴퓨터공학전공,2021.10.22,0,90,
1265,2021 재학생 가천핵심역량 진단,컴퓨터공학전공,2021.10.21,0,53,
1264,[필독] 2021 -2학기 컴공 졸업 자격 취득을 위한 졸업작품 추가 신청 안내,컴퓨터공학전공,2021.10.20,0,421,
1263,2021학년도 동계 계절학기 예비수강신청 및 일정 안내,컴퓨터공학전공,2021.10.19,0,97,
1262,[솔트룩스] SBA 새싹(SeSAC) SW 교육과정 안내,컴퓨터공학전공,2021.10.19,0,71,
1261,[Must-Read] Application for Evaluation of Graduati,컴퓨터공학전공,2021.10.18,0,39,
1260,[필독] 2021 2학기 노트북지원금 추가 신청 안내,컴퓨터공학전공,2021.10.18,0,251,
1259,2022학년도 대학원 신(편)입생 모집안내 및 진학설명회 동영상,컴퓨터공학전공,2021.10.14,0,108,
1258,[필독] 2021 -2학기 컴공 졸업 자격 취득을 위한 졸업작품 신청 안내,컴퓨터공학전공,2021.10.13,0,271,
1257,채용확정형 '유라클' SW개발자 양성과정 교육생 모집 안내,컴퓨터공학전공,2021.10.12,0,98,
1256,2021-2nd Semester Class Satisfaction Measurement (,컴퓨터공학전공,2021.10.08,0,42,
1255,[Must-Read] 2021-2nd Semester Application for Pers,컴퓨터공학전공,2021.10.08,0,66,
1254,2021-전기 졸업대상자 제2전공(부/복수) 자격신청서 제출 안내,컴퓨터공학전공,2021.10.07,0,115,
1253,드림시큐리티-비트컴퓨터 취업확정형 교육연계 훈련생 모집,컴퓨터공학전공,2021.10.07,0,54,
1252,솔루션플랫폼팀 솔루션 개발 인턴 영입,컴퓨터공학전공,2021.10.06,0,119,
1251,[필독] 2021 2학기 노트북지원금 신청안내,컴퓨터공학전공,2021.10.05,0,874,
1250,2021-2학기 수업만족도 1차 조사(중간평가) 실시 안내,컴퓨터공학전공,2021.10.01,0,70,
1249,2022학년 IPP형 일학습병행 참여학생 모집,컴퓨터공학전공,2021.10.01,0,119,
1248,'지역청년과 함께하는 2021년 가천멘토 온라인 직무멘토링’ 개최 안내,컴퓨터공학전공,2021.09.30,0,38,
1247,외국어능력 졸업인증 신청,컴퓨터공학전공,2021.09.29,0,83,
1246,2021 재학생 실태조사 실시 안내 사항,컴퓨터공학전공,2021.09.29,0,22,
1245,2021-2nd Semester Submission of Class Enrollment C,컴퓨터공학전공,2021.09.28,0,27,
1244,2021-2nd Semester Adjustments of Class Operating S,컴퓨터공학전공,2021.09.28,0,34,
1243,㈜팬옵틱스 모집 공고,컴퓨터공학전공,2021.09.27,0,82,
1242,2021-2학기 미등록 및 미복학자,컴퓨터공학전공,2021.09.14,0,80,
1241,2021-전기 졸업예정자 교양필수 교과목 확인방법,컴퓨터공학전공,2021.09.13,0,245,
1240,2021-전기 졸업예정자 1차 졸업사정자료 확인 방법,컴퓨터공학전공,2021.09.13,0,255,
1239,2021-전기 졸업예정자 추가수강 신청서,컴퓨터공학전공,2021.09.13,0,114,
1238,2021 AI 온라인교육과정 개발 및 운영 사업,컴퓨터공학전공,2021.09.08,0,108,
1237,Simplified Procedures for Absence Approvement of 2,컴퓨터공학전공,2021.09.08,0,40,
1236,Class Operating Standards of 2021-2nd Semester Aft,컴퓨터공학전공,2021.09.08,0,30,
1235,Administrative Details of Student Unregistered or,컴퓨터공학전공,2021.09.08,0,30,
1234,2021학년도 자랑스러운 가천인상 및 가천인재상 추천,컴퓨터공학전공,2021.09.07,0,134,
1233,2021-2학기 교내장학금 2차 신청기간 안내,컴퓨터공학전공,2021.09.07,0,112,
1232,2021 2nd Semester: Approved Absence Due to Vaccina,컴퓨터공학전공,2021.09.02,0,59,
1231,2021-2nd Semester Class Operating Standards Adjust,컴퓨터공학전공,2021.09.02,0,54,
1230,"컴퓨터구조,이산수학 추가 증원",컴퓨터공학전공,2021.09.02,0,145,
1229,사이버캠퍼스 카카오톡 채널 개설,컴퓨터공학전공,2021.09.02,0,29,
1228,2021-2학기(장기) 실습학기제 실습생모집 (알파홀딩스),컴퓨터공학전공,2021.08.26,0,124,
1227,2021-2학기 취·창업 진로세미나 필수과제(미제출시 FAIL) 안내,컴퓨터공학전공,2021.08.26,0,149,
1226,2021-2학기 취·창업 진로세미나 교재 배부 안내,컴퓨터공학전공,2021.08.26,0,102,
1225,2021-2학기 창의NTree 교과목 수강 안내 (1학년 필독),컴퓨터공학전공,2021.08.25,0,122,
1224,2021-2학기 강의 수요조사 결과 안내,컴퓨터공학전공,2021.08.25,0,451,
1223,2020학년도 후기 학위수여식 미시행 안내,컴퓨터공학전공,2021.08.25,0,138,
1222,[공통] 2021년 ㈜유비쿼스 신입사원채용(~8.29),컴퓨터공학전공,2021.08.24,0,78,
1221,2학기 자바 mooc TA 및 외국인 유학생지원 근로 장학금 학생 모집,컴퓨터공학과,2021.08.20,0,144,
1220,시큐놀로지랩 신입사원 모집,컴퓨터공학과,2021.08.20,0,59,
1219,2021-2학기 외국어능력 졸업인증 대체프로그램 시행안내,컴퓨터공학과,2021.08.17,0,122,
1218,2021-2학기 수강과목 수요조사 안내 [120],컴퓨터공학과,2021.08.17,120,1227,
1217,시큐놀로지랩(유) 채용 공고,컴퓨터공학과,2021.08.13,0,116,
1216,2021학년도 2학기 수강신청 안내,컴퓨터공학과,2021.08.09,0,499,
1215,(주)온아이티시스템 신입사원 모집 공고,컴퓨터공학과,2021.07.29,0,178,
1214,클라우드 기반 인공지능 시스템 구축실무과정 모집,컴퓨터공학과,2021.07.22,0,180,
1213,2021-2학년도 “창의 NTree” 교과목 운영 일정 안내,컴퓨터공학과,2021.07.19,0,700,
1212,2021학년도 2학기 예비수강신청 안내,컴퓨터공학과,2021.07.16,0,665,
1211,중요)))2020-후기(2021-8월) 최종 졸업사정 안내,컴퓨터공학과,2021.07.15,0,859,
1210,"2020-후기 졸업대상자(합격자, 불합격자) 안내문",컴퓨터공학과,2021.07.15,0,608,
1209,2021-2학기 인성세미나(졸업대상자) 수요조사,컴퓨터공학과,2021.07.13,-4,207,
1208,Class for English Track Students,컴퓨터공학과,2021.07.06,0,112,
1207,[[ICT인턴십] 2021년 하반기 국내과정 학생 대상 안내,컴퓨터공학과,2021.07.02,0,247,
1206,기계공학과 김남중교수 연구분야 소개자료,컴퓨터공학과,2021.06.23,0,203,
1205,2021-하계 원어민집중영어회화 프로그램,컴퓨터공학과,2021.06.22,0,110,
1204,2020-후기 졸업대상자 전공 Honors 졸업인증 신청서 제출 안내,컴퓨터공학과,2021.06.17,0,243,
1203,2021-2학기 교내장학금 신청기간 안내,컴퓨터공학과,2021.06.17,0,444,
1202,2021-2학기 전과신청자 1차 합격명단 및 2차 면접심사 안내,컴퓨터공학과,2021.06.15,0,374,
1201,2021-하계 전공특화(Finance) 원어민 집중영어회화,컴퓨터공학과,2021.06.14,0,93,
1200,2021-1학기 실직·폐업자 자녀 긴급 경제사정 곤란 교내장학금 신청 안내,컴퓨터공학과,2021.06.10,0,70,
1199,2021-1st Semester Announcement of Grades and Corre,컴퓨터공학과,2021.06.08,0,101,
1198,2021-2학기 재입학 신청 안내,컴퓨터공학과,2021.06.08,0,98,
1197,2021-1학기 졸업작품평가회 심사 합격자명단,컴퓨터공학과,2021.06.08,0,332,
1196,2020-후기 융합(연계)전공 자격신청서 제출 안내,컴퓨터공학과,2021.06.07,0,83,
1195,[취업진로처] 성남시 청년 전공하JOB 현장실습 참여자 2차 모집 안내,컴퓨터공학과,2021.06.03,0,149,
1194,빅데이터 수업 14주차 취업특강 일정변경,컴퓨터공학과,2021.06.03,0,173,
1193,2021학년도 인성세미나 응급처치교육 연장수업 안내,컴퓨터공학과,2021.06.02,0,47,
1192,필독!! - 졸업작품 평가회 진행 및 발표 순서 공지!!,컴퓨터공학과,2021.05.31,0,317,
1191,21-2학기 IPP장기현장실습 (나이스신용정보) (인베니아) 참여자 모집 공지,컴퓨터공학과,2021.05.28,0,283,
1190,학생참여 대학혁신 사례영상 경진대회 개최 안내,컴퓨터공학과,2021.05.26,0,52,
1189,2021-2학기 롯데장학재단 38기 희망멘토링 장학생 선발모집공고,컴퓨터공학과,2021.05.25,0,98,
1188,2021-하계 외국어능력 졸업인증 대체프로그램 시행안내,컴퓨터공학과,2021.05.24,0,188,
1187,2021년 푸른등대 삼성기부장학금 신규장학생 신청,컴퓨터공학과,2021.05.21,0,106,
1186,2021-1학기 긴급 경제사정 곤란 국가장학금 2유형 신청,컴퓨터공학과,2021.05.21,0,76,
1185,[아르테크네센터] 학과 홍보영상 공모전 안내,컴퓨터공학과,2021.05.20,0,45,
1184,2021-2학기 학·석사연계과정 신청 안내,컴퓨터공학과,2021.05.17,0,103,
1183,[LINC+] 스마트에너지시스템 융합전공 21-2 학생 모집(3학년),컴퓨터공학과,2021.05.14,0,107,
1182,2021년 전력·에너지분야 창의혁신 아이디어 공모,컴퓨터공학과,2021.05.14,0,40,
1181,2021-하계 단기 실습학기제(현장실습) 시행 안내,컴퓨터공학과,2021.05.14,0,300,
1180,2021학년도 가천 ‘취업 서포터즈’ 모집,컴퓨터공학과,2021.05.14,0,53,
1179,2021-2학기 제2전공(부·복수·융합전공) 신청 안내,컴퓨터공학과,2021.05.13,0,159,
1178,2021-하계 어학캠프 참가자 모집,컴퓨터공학과,2021.05.13,0,119,
1177,2021-1학기 장학사정관 장학생 추천,컴퓨터공학과,2021.05.11,0,125,
1176,2021-2학기 조기졸업 신청 안내,컴퓨터공학과,2021.05.11,0,100,
1175,2021학년도 신입생 실태조사 실시 안내,컴퓨터공학과,2021.05.10,0,53,
1174,2021-후기 대학원 진학 설명회 동영상,컴퓨터공학과,2021.05.10,0,80,
1173,[필독] 2021 컴공 졸업 자격 취득을 위한 졸업작품 신청 안내,컴퓨터공학과,2021.05.09,0,467,
1172,[한국소프트웨어기술진흥협회] 4차산업 융합 SW개발자 양성과정 교육생 모집,컴퓨터공학과,2021.05.06,0,140,
1171,[필독] 2021 1학기 노트북지원금 추가 신청 안내,컴퓨터공학과,2021.05.06,0,282,
1170,2021 Summer Session Course Registration and Schedu,컴퓨터공학과,2021.05.04,0,138,
1169,학생 격려 가천 사랑 GIFT 집중배부 3차 지급 계획 알림,컴퓨터공학과,2021.05.03,0,42,
1168,2021학년도 하계계절학기 수강신청 안내,컴퓨터공학과,2021.05.03,0,187,
1167,[IPP] 단기+IPP장기현장실습 실습생모집_(주)위메프,컴퓨터공학과,2021.04.30,0,337,
1166,학생 격려 가천 사랑 GIFT 집중배부 2차 지급 계획 알림,컴퓨터공학과,2021.04.29,0,95,
1165,2021-2학기 전과 신청 안내,컴퓨터공학과,2021.04.28,0,267,
1164,취업약정 무료교육 goBlock실무 프로젝트 과정 신청안내,컴퓨터공학과,2021.04.21,0,123,
1163,2021 창의적 종합설계 아이디어 공모전 참가 신청 안내,컴퓨터공학과,2021.04.20,0,138,
1162,2021 Summer Session Preliminary Course Registratio,컴퓨터공학과,2021.04.15,0,72,
1161,2021학년도 하계 계절학기 예비수강신청 및 일정 안내,컴퓨터공학과,2021.04.14,0,239,
1160,2021학년도 신입생 가천 굿즈후드티 지급 계획 변경,컴퓨터공학과,2021.04.08,0,200,
1159,[Must-read] “Edited” Information on applying for l,컴퓨터공학과,2021.04.07,0,191,
1158,2021년 국가우수장학(이공계) 장학생 성적(고교) 및 재학중 우수유형 추천,컴퓨터공학과,2021.04.06,0,196,
1157,2020-후기 졸업대상자 제2전공(부/복수) 자격신청서 제출 안내,컴퓨터공학과,2021.04.06,0,201,
1156,[필독] *내용 수정* 2021 1학기 노트북지원금 신청 안내,컴퓨터공학과,2021.04.06,0,1798,
1155,2021-1학기 학부생 연구형 인턴쉽 프로그램 운영사항 안내,컴퓨터공학과,2021.03.30,0,266,
1154,Notice of withdrawal of classes for the 1st semest,컴퓨터공학과,2021.03.23,0,121,
1153,2021학년도 1학기 수강포기 안내,컴퓨터공학과,2021.03.22,0,95,
1152,2021-1학기 교내장학금 2차 신청기간 안내,컴퓨터공학과,2021.03.22,0,212,
1151,Notice to conducting free COVID-19 tests for inter,컴퓨터공학과,2021.03.19,0,89,
1150,2021년도 재학생(학부생) 폭력예방교육 안내,컴퓨터공학과,2021.03.18,0,73,
1149,2021 정보보안 분야 진로탐색 강사 양성과정 교육생 모집 공고,컴퓨터공학과,2021.03.17,0,115,
1148,2020-후기 졸업예정자 1차 졸업사정자료 확인 방법,컴퓨터공학과,2021.03.17,0,424,
1147,2021 창의적 종합설계 아이디어 공모전 참가 신청 안내(접수기간 : 21.5.26(수)~,컴퓨터공학과,2021.03.16,0,104,
1146,2021학년도 1학기 인성세미나 4주차 가천 Pride Up 멘토특강,컴퓨터공학과,2021.03.16,0,120,
1145,2021-1학기 외국어능력 졸업인증 대체프로그램 안내문,컴퓨터공학과,2021.03.16,0,294,
1144,2021 인성세미나 폭력예방교육(필수) 및 신입생 실태조사 안내,컴퓨터공학과,2021.03.15,0,338,
1143,2021학년도 신입생 가천 굿즈(후드티) 지급 계획 알림,컴퓨터공학과,2021.03.15,0,209,
1142,2021학년도 신입생(1학년 재학생 포함) 가천핵심역량진단 시행,컴퓨터공학과,2021.03.15,0,191,
1141,2021학년도 1학기 수강신청 확인서 제출 안내,컴퓨터공학과,2021.03.15,-4,267,
1140,2021 창의적 종합설계 아이디어 공모전 참가 신청 안내,컴퓨터공학과,2021.03.10,0,104,
1139,2021학년도 인성세미나 응급처치교육 안내(필수) [1],컴퓨터공학과,2021.03.09,1,534,
1138,2021학년도 신입생 외국어능력 졸업인증기준,컴퓨터공학과,2021.03.08,0,243,
1137,2021-1학기 미등록 및 미복학자 알림,컴퓨터공학과,2021.03.05,0,182,
1136,파이썬 과목 튜터(Tutor) 모집,컴퓨터공학과,2021.03.05,0,290,
1135,2021년 스마트해상물류 x ICT멘토링,컴퓨터공학과,2021.03.05,0,171,
1134,"(주)디트리크리에이티브, 2021년 신입 개발자 채용공고",컴퓨터공학과,2021.02.25,0,201,
1133,"(주)써드아이시스템, 2021년 클라우드 기반 시스템 엔지니어 채용 공고",컴퓨터공학과,2021.02.25,0,132,
1132,[LINC+] 스마트에너지시스템 융합전공 학생 추가모집(3학년),컴퓨터공학과,2021.02.24,0,125,
1131,증원요청 및 추가개설 요청반영,컴퓨터공학과,2021.02.23,0,1670,
1130,[LINC+] IT 디스플레이 융복합 플랫폼 융합전공 신청자 모집(2021년 3학년 대상),컴퓨터공학과,2021.02.22,0,211,
1129,2021-1학기 수강과목 수요조사 [293],컴퓨터공학과,2021.02.19,293,3179,
1128,(주)사이로직 장기현장실습 학생모집(마감),컴퓨터공학과,2021.02.17,0,313,
1127,2021년 상반기 ICT학점연계프로젝트인턴십 승인 참여대학 대상 사업 안내,컴퓨터공학과,2021.02.08,0,329,
1126,저시력 아동청소년 대상 방문 컴퓨터교육 자원봉사자 모집,컴퓨터공학과,2021.02.05,0,208,
1125,"2020-전기 졸업대상자(합격자, 불합격자) 안내문",컴퓨터공학과,2021.02.04,0,824,
1124,"서울특별시 일반임기제공무원 채용시험계획 재공고 (임기제 전산7급,블록체인 전문요원)",컴퓨터공학과,2021.02.02,0,169,
1123,최종졸업사정 안내관련,컴퓨터공학과,2021.02.01,0,666,
1122,(Important)Notice of Timetable Change,컴퓨터공학과,2021.01.29,0,163,
1121,[IPP] 2021-1학기 IPP장기현장실습 실습생모집_(주)웅진,컴퓨터공학과,2021.01.29,0,358,
1120,(중요)시간표 변경 공지,컴퓨터공학과,2021.01.29,0,1078,
1119,AI자율주행차 체험 온라인 캠프(2차) 참가자 모집,컴퓨터공학과,2021.01.28,0,125,
1118,진로세미나 수강 수요조사 안내 [2],컴퓨터공학과,2021.01.28,2,356,
1117,2021-1st Semester Preliminary Course Application I,컴퓨터공학과,2021.01.26,0,252,
1116,2021학년도 IPP형 일학습병행 (주)유니포인트 참여자 모집,컴퓨터공학과,2021.01.21,0,379,
1115,2021-1학기 장기 실습학기제(현장실습) 시행 안내,컴퓨터공학과,2021.01.19,0,485,
1114,한국지역정보개발원 채용공고,컴퓨터공학과,2021.01.18,0,150,
1113,[IPP] 2021-1학기 IPP장기현장실습 실습생모집_(주)가온소프트,컴퓨터공학과,2021.01.13,0,419,
1112,[LINC+] IT 디스플레이 융복합 플랫폼 융합전공 신청자 모집(2021년 3학년 대상),컴퓨터공학과,2021.01.13,0,149,
1111,채용연계 교육 프로그램 안내 - 비트컴퓨터,컴퓨터공학과,2021.01.08,0,270,
1110,"(주)테이크, (주)윈비트, 연성대학교(전자계산소) 채용공고",컴퓨터공학과,2020.12.29,0,463,
1109,[엠티콤] AI 학습용 데이터 가공작업을 위한 재택 아르바이트 모집의 건,컴퓨터공학과,2020.12.28,0,550,
1108,공학교육혁신센터 AI자율주행차 체험 온라인 캠프 참가자 모집,컴퓨터공학과,2020.12.21,0,317,
1107,X-Design 경진대회 결과,컴퓨터공학과,2020.12.19,0,424,
1106,2021-1학기 교내장학금 신청기간 안내,컴퓨터공학과,2020.12.16,0,651,
1105,2020-2nd Semester Announcement of Grades and Corre,컴퓨터공학과,2020.12.14,0,345,
1104,2020학년도 창의NTree 미참석자 과제제출,컴퓨터공학과,2020.12.11,0,256,
1103,[LINC+] 스마트에너지시스템 융합전공 학생 모집(예비3학년),컴퓨터공학과,2020.12.11,0,129,
1102,2021-1학기 학석사연계과정 신청 안내,컴퓨터공학과,2020.12.10,0,249,
1101,2020학년도 학생창업자 현황조사 협조요청,컴퓨터공학과,2020.12.09,0,94,
1100,2020-전기 융합(연계)전공 자격신청서 제출 안내,컴퓨터공학과,2020.12.09,0,346,
1099,코로나19 교내특별장학금 추가 신청 안내(최종),컴퓨터공학과,2020.12.08,0,124,
1098,2020년 재학생 교육만족도 조사 시행 안내,컴퓨터공학과,2020.12.07,0,135,
1097,동계현장실습 '인피니트 헬스케어' 1명 선착순모집(마감),컴퓨터공학과,2020.12.07,0,293,
1096,2021-1학기 재입학 신청 안내,컴퓨터공학과,2020.12.04,0,193,
1095,2020학년도 우수 성과물 전시회 관람 안내,컴퓨터공학과,2020.12.04,0,204,
1094,자기주도 기반 K-시큐리티 챌린지 참여 학생 모집,컴퓨터공학과,2020.12.03,0,168,
1093,[LINC+] 2020년 산학협력 EXPO 온라인 개최안내,컴퓨터공학과,2020.12.01,0,119,
1092,2020학년도 동계 외국어능력 졸업인증 대체프로그램 안내,컴퓨터공학과,2020.11.26,0,525,
1091,겨울방학 단기 현장실습 참여학생 모집-학점 및 장학금지급,컴퓨터공학과,2020.11.25,0,739,
1090,대학일자리센터 추천채용 (주)네오와인,컴퓨터공학과,2020.11.25,0,298,
1089,2020 컴공과 Open Lab Fair 자료공유,컴퓨터공학과,2020.11.23,0,391,
1088,씨티아이엔씨 (CT Inc) 채용 안내,컴퓨터공학과,2020.11.19,0,228,
1087,그린뉴딜(전기에너지효율화 및 관리) 분야 IT 개발자 모집,컴퓨터공학과,2020.11.19,0,126,
1086,한국금융IT 전문연구요원 및 개발자 모집,컴퓨터공학과,2020.11.18,0,237,
1085,코로나19 교내특별장학금 추가 신청 안내,컴퓨터공학과,2020.11.17,0,378,
1084,대학생을 위한 클라우드 101 및 아마존 인턴십 설명회,컴퓨터공학과,2020.11.17,0,242,
1083,주한 미국대사 Harry Harris 온라인 특강,컴퓨터공학과,2020.11.17,0,171,
1082,2020-2 종합프로젝트 졸업인증평가 심사결과,컴퓨터공학과,2020.11.16,0,886,
1081,Open Lab Fair 행사안내(수정),컴퓨터공학과,2020.11.12,0,786,
1080,WISE-STAT 통계분석 동영상강좌 신규 구독 안내,컴퓨터공학과,2020.11.12,0,277,
1079,2020 Winter Session Course Registration and Schedu,컴퓨터공학과,2020.11.11,0,258,
1078,2021-1학기 조기졸업 신청 안내,컴퓨터공학과,2020.11.11,0,327,
1077,2020 가천핵심역량진단(재학생 필수사항),컴퓨터공학과,2020.11.10,0,553,
1076,창의 NTree” 교과목 운영 안내(학생),컴퓨터공학과,2020.11.09,0,640,
1075,코로나19 교내특별장학금 신청기간 연장 안내,컴퓨터공학과,2020.11.09,0,369,
1074,2021-1학기 부전공·복수전공 신청 안내,컴퓨터공학과,2020.11.09,0,802,
1073,2020학년도 동계계절학기 수강신청 안내,컴퓨터공학과,2020.11.09,0,616,
1072,2020학년도 자랑스러운 가천인상 및 가천인재상 추천,컴퓨터공학과,2020.11.06,0,458,
1071,2021-1st Semester Transfer-Major Application Guide,컴퓨터공학과,2020.11.06,0,281,
1070,교과과정 개편을 위한 재학생 설문조사 협조,컴퓨터공학과,2020.11.05,0,495,
1069,대학일자리센터 추천기업 아이픽스 특허법률사무소,컴퓨터공학과,2020.11.04,0,213,
1068,웹 개발 개발 전문회사 취업 추천 - 크립토파라다이스,컴퓨터공학과,2020.11.03,0,371,
1067,2021-1학기 전과 신청 안내,컴퓨터공학과,2020.11.02,0,715,
1066,P-실무프로젝트(현장실습)수강신청 학생 설명회,컴퓨터공학과,2020.10.30,0,470,
1065,[IPP]일학습병행 <응용SW개발>과정 제도 및 기업설명회,컴퓨터공학과,2020.10.30,0,504,
1064,이트너스(주) 추가 인턴모집 관련 공고문,컴퓨터공학과,2020.10.29,0,382,
1063,종합프로젝트 졸업인증평가 세션별 발표대상자 명단,컴퓨터공학과,2020.10.28,0,1728,
1062,2020년 2학기 종합프로젝트 졸업인증심사 시행 공고,컴퓨터공학과,2020.10.28,0,1545,
1061,2021 경기도형 대학생 취업브리지 참여학생 모집,컴퓨터공학과,2020.10.28,0,536,
1060,[대학혁신] 연구기반 교육프로그램 신소재공학과 Open Lab Fair,컴퓨터공학과,2020.10.27,0,293,
1059,2020년도 재학생 가천핵심역량 진단 안내,컴퓨터공학과,2020.10.26,0,546,
1058,3학년 예비취린이들을 위한 온라인<직장학개론> 좋소중소기업 취업특강 참여자 모집,컴퓨터공학과,2020.10.26,0,381,
1057,코로나19 교내특별장학금 시행 안내,컴퓨터공학과,2020.10.21,0,662,
1056,Smart Attendance System Multilingual Guide,컴퓨터공학과,2020.10.19,0,384,
1055,2020-2학기 장학사정관 장학생 추천,컴퓨터공학과,2020.10.16,0,320,
1054,이지케어텍 2021년 신입사원 공개채용 안내,컴퓨터공학과,2020.10.13,0,287,
1053,2020 Winter Session Preliminary Course Registratio,컴퓨터공학과,2020.10.13,0,300,
1052,스마트출결시스템 다국어 안내문 [1],컴퓨터공학과,2020.10.12,1,590,
1051,2020학년도 동계 계절학기 예비수강신청 및 일정 안내,컴퓨터공학과,2020.10.12,0,687,
1050,일반대학원 입학설명회(webex) 만족도 조사,컴퓨터공학과,2020.10.07,0,365,
1049,2020-2학기 수업만족도 조사(중간평가) 실시 안내,컴퓨터공학과,2020.10.07,0,602,
1048,2020-전기 졸업대상자 제2전공(부/복수) 자격신청서 제출 안내,컴퓨터공학과,2020.10.07,0,818,
1047,대학원 진학설명회 동영상 배부,컴퓨터공학과,2020.10.06,0,423,
1046,대학일자리센터 추천기업 ㈜글로쿼드텍 구직자 선발,컴퓨터공학과,2020.10.05,0,354,
1045,컴퓨터공학과 학석통합과정 운영 소개,컴퓨터공학과,2020.10.05,0,400,
1044,2020학년도 창의 NTree 교과목 운영(5~9차) 재안내,컴퓨터공학과,2020.10.05,0,283,
1043,2020학년도 자랑스러운 가천인상 및 가천인재상 추천 의뢰(2차),컴퓨터공학과,2020.09.28,0,458,
1042,대학일자리센터 추천기업 (㈜AcePG),컴퓨터공학과,2020.09.24,0,934,
1041,일반대학원 입학설명회 자료 첨부,컴퓨터공학과,2020.09.23,0,652,
1040,“UN-Gachon” 글로벌 리더십 워크숍,컴퓨터공학과,2020.09.23,0,753,
1039,2020학년도 2학기 수강신청 확인서 제출 안내,컴퓨터공학과,2020.09.18,0,1293,
1038,2020학년도 2학기 수강포기 및 P-실무프로젝트(현장실습) 수강정정 안내,컴퓨터공학과,2020.09.18,0,1328,
1037,컴공 특성화 서포터즈 선발,컴퓨터공학과,2020.09.17,0,1106,
1036,외국인 유학생 지원 근로 선발,컴퓨터공학과,2020.09.17,0,808,
1035,[대학혁신] 학부생 연구형 인턴쉽 프로그램 운영사항 안내,컴퓨터공학과,2020.09.17,0,838,
1034,2020-2학기 미등록 및 미복학자 알림사항,컴퓨터공학과,2020.09.17,0,776,
1033,(추가) 1차 졸업사정 관련 안내,컴퓨터공학과,2020.09.17,0,1378,
1032,2020-전기 졸업예정자 필독,컴퓨터공학과,2020.09.16,0,3072,
1031,[필독] 2020 2학기 노트북지원금 신청안내,컴퓨터공학과,2020.09.15,0,1838,
1030,2020-2학기 케이티그룹희망나눔재단 창의혁신리더장학금 미래창조인재부문 장학생 추천 의뢰,컴퓨터공학과,2020.09.15,0,665,
1029,에릭슨엘지 ‘Girls in ICT 2020 - 해커톤’ 공모전 안내,컴퓨터공학과,2020.09.15,0,668,
1028,2020-2학기 교내장학금 2차 신청기간 안내,컴퓨터공학과,2020.09.14,0,852,
1027,일반대학원 입학설명회 (9/22 화 5:30PM),컴퓨터공학과,2020.09.14,0,617,
1026,2020-2학기 국제어학원 어학과정 안내,컴퓨터공학과,2020.09.11,0,1001,
1025,2020년 가천멘토 온라인 직무멘토링,컴퓨터공학과,2020.09.10,0,710,
1024,개인정보의 수집·이용·제3자 제공에 관한 동의서,컴퓨터공학과,2020.09.04,-1,800,
1023,2020-2학기 미등록 및 미복학자,컴퓨터공학과,2020.09.02,0,1064,
1022,오상엽교수님 수업 정원변경,컴퓨터공학과,2020.09.02,0,993,
1021,2020-2학기 석박사(통합)과정 외국어시험 출제 안내,컴퓨터공학과,2020.09.02,0,620,
1020,2020학년도 신입생 대상 대학일자리센터 리플렛 및 홍보기념품 배부 안내,컴퓨터공학과,2020.09.02,0,746,
1019,네오컨버전스 취업 안내,컴퓨터공학과,2020.09.01,0,1031,
1018,2020-2학기 사회봉사교과목 운영관련,컴퓨터공학과,2020.09.01,0,1838,
1017,창의 NTree 수강정정 요청,컴퓨터공학과,2020.09.01,0,1039,
1016,20-1학기 코로나19 교내특별장학금 신청 추가 접수 안내(최종),컴퓨터공학과,2020.08.31,0,936,
1015,실시간 화상강의 URL 확인방법,컴퓨터공학과,2020.08.31,0,1097,
1014,[필독] 2020-2학기 추가개설 관련(수정),컴퓨터공학과,2020.08.28,0,2722,
1013,2020-2학기 외국어능력 졸업인증 대체프로그램 시행안내,컴퓨터공학과,2020.08.27,0,1195,
1012,공학교육혁신센터 2020 드론 종합개발 전문가 양성과정(자율비행드론2) 교육생 모집,컴퓨터공학과,2020.08.19,0,1280,
1011,이복기 교수님 수강신청 변경 안내 공지,컴퓨터공학과,2020.08.18,0,2419,
1010,2019학년도 후기 학위수여식 미시행 안내,컴퓨터공학과,2020.08.18,0,1240,
1009,[알바] 콜센터 근무 요원 모집(행안부 주최),컴퓨터공학과,2020.08.14,0,1698,
1008,"2019-후기 졸업예정자 합격자,불합격자 안내문",컴퓨터공학과,2020.07.31,0,2783,
1007,컴퓨터공학과 수강신청 제도 안내,컴퓨터공학과,2020.07.30,0,2944,
1006,2020-2학기 취창업진로세미나 수요조사(4학년필독) [9],컴퓨터공학과,2020.07.29,9,2411,
1005,다우기술 2020년 하반기 신입 채용 안내,컴퓨터공학과,2020.07.29,0,2146,
1004,학사경고자 대상 re:star 프로그램 안내,컴퓨터공학과,2020.07.29,0,2028,
1003,2020-2학기 장기 실습학기제(현장실습) 시행 안내,컴퓨터공학과,2020.07.20,0,2456,
1002,컴공 여름방학 전공 특강(온라인) 운영 안내,컴퓨터공학과,2020.07.17,0,3092,
1001,제7회 소프트웨어(SW) 개발보안 경진대회,컴퓨터공학과,2020.07.16,0,1930,
1000,2020년도 KSB 인공지능 프레임워크/플랫폼(BeeAI) 활용 공모전,컴퓨터공학과,2020.07.08,0,1846,
999,2020-2학기 교내장학금 신청기간 안내,컴퓨터공학과,2020.07.07,0,2093,
998,졸업인증을 위한 졸업작품심사 통과자 명단,컴퓨터공학과,2020.07.06,0,2367,
997,실습학기제 참여 학생 모집 (선착순)(마감),컴퓨터공학과,2020.07.06,0,2100,
996,2019학년도 본교 주관 수상학생 현황 조사,컴퓨터공학과,2020.07.03,0,2039,
995,2020학년도 1학기 학생창업자 현황조사 협조요청,컴퓨터공학과,2020.07.01,0,2136,
994,2020 컴퓨터공학과 졸업작품 심사/발표안내 사항,컴퓨터공학과,2020.06.30,0,2792,
993,2020-2학기 재입학 신청 안내,컴퓨터공학과,2020.06.25,0,2152,
992,"2020년 IPP 하반기 장기현장실습 직무 설명회 개최-3,4학년 필독",컴퓨터공학과,2020.06.24,0,2694,
991,(중요) 졸업작품 심사자료 제출안내,컴퓨터공학과,2020.06.24,0,2217,
990,2020년 2학기 P-실무 프로젝트 설명회 개최,컴퓨터공학과,2020.06.22,0,3144,
989,K-시큐리티 챌린지 참여학생 모집(수정),컴퓨터공학과,2020.06.19,0,2287,
988,대학원 컴퓨터공학전공 연구실 소개자료,컴퓨터공학과,2020.06.16,0,2222,
987,[LINC+]20-2학기 스마트에너지시스템 학생 모집(3학년),컴퓨터공학과,2020.06.15,0,2141,
986,2020-2학기 학석사연계과정 신청 안내,컴퓨터공학과,2020.06.12,0,2081,
985,2020-2학기 조기졸업 신청 안내,컴퓨터공학과,2020.06.12,0,2137,
984,2019-후기 융합(연계)전공 자격신청서 제출 안내,컴퓨터공학과,2020.06.12,0,2172,
983,[한국공개SW협회] 2020 공개SW 개발자대회,컴퓨터공학과,2020.06.12,0,2168,
982,2020-하계방학 실습학기제(현장실습) 학생 설명회 개최 안내,컴퓨터공학과,2020.06.10,0,2094,
981,2020-2학기 융합전공 신청 안내,컴퓨터공학과,2020.06.09,0,2306,
980,2020학년도 인성세미나 응급처치교육 추가연장 및 수업,컴퓨터공학과,2020.06.08,0,2029,
979,2020-2학기 부·복수전공 신청 안내,컴퓨터공학과,2020.06.04,0,2528,
978,2020-하계 외국어능력 졸업인증 대체프로그램 시행안내,컴퓨터공학과,2020.06.04,0,2229,
977,2020학년도 (재)주심장학재단 장학생 추천 의뢰,컴퓨터공학과,2020.06.03,0,2122,
976,2020-하계방학 실습학기제(현장실습) 시행 및 신청안내,컴퓨터공학과,2020.06.03,0,2341,
975,2020 창의적 종합설계 아이디어 공모전 참가신청 일정 및 비대면 심사로 변경 안내(접수기,컴퓨터공학과,2020.06.02,0,2168,
974,2020-2학기 전과 신청 안내,컴퓨터공학과,2020.06.01,0,3329,
973,졸업인증을 위한 졸업작품 심사신청서 제출안내,컴퓨터공학과,2020.05.29,0,3216,
972,2020-1학기 장학사정관(추천전형) 장학생 추천,컴퓨터공학과,2020.05.27,0,2310,
971,2020-2학기 (재)롯데장학재단 희망멘토링 장학생 추천,컴퓨터공학과,2020.05.26,0,2148,
970,2020학년도 하계계절학기 수강신청 안내,컴퓨터공학과,2020.05.20,0,2376,
969,2020 창의적 종합설계 아이디어 공모전 참가신청 일정 변경 안내(접수기간 : '20.5.,컴퓨터공학과,2020.05.13,0,2193,
968,Lecturing method changing following the concerns o,컴퓨터공학과,2020.05.11,0,2008,
967,2020-1학기 취·창업 진로세미나 8주차 입사서류/면접 특강,컴퓨터공학과,2020.05.11,0,2084,
966,2019-후기 졸업대상자 제2전공(부/복수) 자격신청서 제출 안내,컴퓨터공학과,2020.05.11,0,2144,
965,2020-1학기 교내장학금 2차 신청기간 안내,컴퓨터공학과,2020.05.11,0,1946,
964,Offline class notice for 2020-1st semester,컴퓨터공학과,2020.05.11,0,1468,
963,2020-1학기 수업만족도 조사(중간평가) 실시 안내,컴퓨터공학과,2020.05.07,0,1543,
962,:[성균관대 선도센터] 지능정보 커넥트 인사이트 캠프(대진대 제 1차 미래 신산업 수요특화,컴퓨터공학과,2020.05.07,0,1490,
961,2020학년도 1학기 수강신청 확인원 제출 추가안내,컴퓨터공학과,2020.04.28,0,1539,
960,2020학년도 하계 계절학기 예비수강신청 및 일정 안내,컴퓨터공학과,2020.04.27,0,1786,
959,20-2학기 IPP장기현장실습 참여학생 모집,컴퓨터공학과,2020.04.22,0,2056,
958,2020학년도 신입생 및 1학년 가천핵심역량진단 안내,컴퓨터공학과,2020.04.22,0,1568,
957,2020년도 경기도형 대학생 취업브리지 학생-기업간 1차매칭 안내,컴퓨터공학과,2020.04.21,0,2234,
956,순천시 2021 4차산업혁명박람회 브랜드 공모전 참여 안내,컴퓨터공학과,2020.04.20,0,1676,
955,2020학년도 1학기 수강포기 및 수강신청 확인원 제출 안내,컴퓨터공학과,2020.04.20,0,1925,
954,인성세미나 폭력예방교육 안내(필수이수),컴퓨터공학과,2020.04.20,0,1855,
953,2020 CONNECT 창의연구 참여학생 모집 안내(~5.1 까지),컴퓨터공학과,2020.04.17,0,1658,
952,2020 창의적 종합설계 아이디어 공모전 참가신청 일정 변경 안내(접수기간 : '20.,컴퓨터공학과,2020.04.17,0,1776,
951,2020-1학기 천소룡기념 장학금 시행(안),컴퓨터공학과,2020.04.13,0,1778,
950,2020년도 경기도형 대학생 취업브리지 학생-기업(윈스)간 매칭 안내,컴퓨터공학과,2020.04.08,0,1957,
949,2020학번 학과/전공별 외국어능력 졸업인증 기준점수 현황(토익기준),컴퓨터공학과,2020.04.06,0,2491,
948,"데이터마이닝, 정보보호 과목 이수 구분",컴퓨터공학과,2020.04.02,0,1899,
947,2020-1학기 장애학생 현황 제출,컴퓨터공학과,2020.04.02,0,1486,
946,2020년도 경기도형 대학생 취업브리지 오리엔테이션자료,컴퓨터공학과,2020.04.01,0,1801,
945,"[LINC+]스마트에너지시스템 융합전공 모집(편입생, 복학생, 3학년 진급자)",컴퓨터공학과,2020.04.01,0,1465,
944,2020-1학기 편인생 학점인정표 배부,컴퓨터공학과,2020.03.31,0,1304,
943,오기욱교수님 파이썬 강좌,컴퓨터공학과,2020.03.30,0,1395,
942,[대학혁신]2020학년도 신입생 가천핵심역량진단 시행,컴퓨터공학과,2020.03.30,0,882,
941,"인성세미나, 취창업 진로세미나 교재 배부 안내 [2]",컴퓨터공학과,2020.03.30,2,1745,
940,"인성세미나,취창업진로세미나,현장실습연계프로젝트 강의실 알림",컴퓨터공학과,2020.03.30,0,944,
939,2020학년도 인성세미나 응급처치교육 안내,컴퓨터공학과,2020.03.30,0,672,
938,Notice for the changes of the ways of giving and a,컴퓨터공학과,2020.03.27,0,557,
937,사물함 관련 공지(수정),컴퓨터공학과,2020.03.26,0,588,
936,[필독]2020년 1학기 노트북지원금 신청안내,컴퓨터공학과,2020.03.25,0,3808,
935,2020년 국가우수장학금(이공계) 장학생 (수시 및 재학중) 우수유형 추천,컴퓨터공학과,2020.03.24,0,718,
934,2020 창의적 종합설계 아이디어 공모전 참가신청 안내(접수기간 : '20.5.11(월),컴퓨터공학과,2020.03.23,0,576,
933,2020-1 소프트웨어 기초교양 교과목 사이버강의 전환 안내,컴퓨터공학과,2020.03.23,0,538,
932,"[LINC+]20-1학기 스마트에너지시스템 학생 모집(편입생, 복학생, 3학년 진급자)",컴퓨터공학과,2020.03.19,0,363,
931,추가 폐강예정 교과목 안내,컴퓨터공학과,2020.03.13,0,813,
930,인공지능 바이오 융합 과정 소개,컴퓨터공학과,2020.03.12,0,678,
929,티맥스 학기중 인턴모집 안내,컴퓨터공학과,2020.03.12,0,756,
928,네트워크프로그래밍 폐강 알림,컴퓨터공학과,2020.03.11,0,438,
927,"자료구조, 리눅스 교강사 변경 알림",컴퓨터공학과,2020.03.11,0,512,
926,2020-1학기 외국어능력 졸업인증 대체프로그램 시행안내,컴퓨터공학과,2020.03.10,0,429,
925,2020년도 취업브리지 참여학생 추가모집 안내,컴퓨터공학과,2020.03.09,0,638,
924,인공지능 왕보현 교수님 수강학생 공지사항,컴퓨터공학과,2020.03.06,0,814,
923,C++ 수강관련,컴퓨터공학과,2020.03.05,-1,796,
922,추가개설 강의 리스트 알림,컴퓨터공학과,2020.03.05,0,2337,
921,추가개설 추가 공지사항(수정/영어강의리스트 수정2/영어강의리스트수정),컴퓨터공학과,2020.03.04,0,1891,
920,추가개설 관련 공지사항,컴퓨터공학과,2020.03.02,-1,4045,
919,2020학년도 Pre-Gachon 신입생 학생생활 가이드북 배부 안내,컴퓨터공학과,2020.02.27,0,447,
918,2020 취업브리지 참여학생 추가모집안내,컴퓨터공학과,2020.02.25,0,640,
917,2020-1학기 스마트에너지시스템 융합전공 추가모집(3학년),컴퓨터공학과,2020.02.25,0,359,
916,"확률과통계, 웹프로그래밍, 모바일프로그래밍 일부 과목 수강인원 정정 안내(1차수정)",컴퓨터공학과,2020.02.17,0,4117,
915,학사경고자를 위한 re:start 프로그램 3차 수강 기간 안내,컴퓨터공학과,2020.02.14,0,315,
914,인공지능 전임교원 변경 알림,컴퓨터공학과,2020.02.13,0,532,
913,2019학년도 전기 졸업예정자 사정(확인) 공지,컴퓨터공학과,2020.02.10,0,786,
912,2020-1학기 스마트에너지시스템 융합전공 추가모집 및 수강 안내(예비 3학년),컴퓨터공학과,2020.02.06,0,495,
911,학사경고자를 위한 re:start 프로그램 안내,컴퓨터공학과,2020.02.05,0,368,
910,학과장 변경 알림,컴퓨터공학과,2020.02.03,0,946,
909,(필독!!)취창업진로세미나 수강신청 관련 공지사항 [2],컴퓨터공학과,2020.01.31,2,1285,
908,예비수강 관련 재공지,컴퓨터공학과,2020.01.31,0,1526,
907,2020-1학기 재입학 허가자 공지사항,컴퓨터공학과,2020.01.30,0,473,
906,Course Registration Notice of 2020 - 1 semester,컴퓨터공학과,2020.01.28,0,417,
905,2020-1학기 컴퓨터공학과 영어강의 시행 리스트,컴퓨터공학과,2020.01.28,0,711,
904,2학년 링크교과목 신청안내,컴퓨터공학과,2020.01.28,0,403,
903,2020-1학기 전과 허가자 공지사항 알림,컴퓨터공학과,2020.01.23,0,433,
902,2020년 홀트아동복지회 홀트장학생 추천 의뢰,컴퓨터공학과,2020.01.21,0,255,
901,2019-2학기 학사경고 연속3회 대상자 관련 요청사항,컴퓨터공학과,2020.01.21,0,394,
900,2020학년도 1학기 수강관련 주요 변경사항 안내,컴퓨터공학과,2020.01.20,0,2161,
899,2020-1학기 장기 실습학기제(현장실습) 시행 안내,컴퓨터공학과,2020.01.16,0,601,
898,2020학년도 (재)삼송장학회 장학생 추천 의뢰,컴퓨터공학과,2020.01.10,0,310,
897,"1,250만원 지급 경기도형 대학생 취업브리지 사업 참여학생 확대 모집 안내",컴퓨터공학과,2020.01.08,0,917,
896,2019-전기 졸업대상자 전공Honors졸업인증 신청서 제출 안내,컴퓨터공학과,2020.01.03,0,357,
895,2020년도 경기도형 대학생 취업브리지 학생선발 서류면접 심사결과,컴퓨터공학과,2019.12.26,0,564,
894,X-Design 경진대회 시상결과 발표,컴퓨터공학과,2019.12.24,0,522,
893,P-실무프로젝트 20일 마지막 수업 및 장학금 등 안내,컴퓨터공학과,2019.12.19,0,761,
892,(전액장학+생활비)2020년도 한국지도자육성장학재단 장학생 추천,컴퓨터공학과,2019.12.19,0,437,
891,2019년도 취업브리지사업 매칭현황 입니다,컴퓨터공학과,2019.12.18,0,720,
890,2020-1학기 문숙장학재단 (신규)장학생 추천 의뢰,컴퓨터공학과,2019.12.18,0,235,
889,2020년 LINC+사업단 바이오-인공지능 융합전공 신청 안내,컴퓨터공학과,2019.12.17,0,501,
888,동계방학 현장실습 참여자 모집 안내입니다,컴퓨터공학과,2019.12.13,0,485,
887,4학년필독- 연봉 3500 프로텍 신입사원 추천,컴퓨터공학과,2019.12.13,0,585,
886,2020학년도 (재)산학협동재단 전액장학생 후보 추천,컴퓨터공학과,2019.12.12,0,248,
885,2020-1학기 재입학 신청 안내,컴퓨터공학과,2019.12.10,0,331,
884,2020-1학기 학？석사연계과정 신청 안내,컴퓨터공학과,2019.12.10,0,400,
883,링크 프로그램 소개 및 면담,컴퓨터공학과,2019.12.09,0,314,
882,2020-1학기 교내장학금 신청기간 안내,컴퓨터공학과,2019.12.06,0,1339,
881,P-실무프로젝트 AI플랫폼 계정 등록 방법,컴퓨터공학과,2019.12.06,0,283,
880,[LINC+] IT 디스플레이 융복합 플랫폼 융합전공 신청자 모집(2학년),컴퓨터공학과,2019.12.06,0,235,
879,[한국인터넷진흥원] 단기 아르바이트 모집 안내,컴퓨터공학과,2019.12.05,0,435,
878,동계방학 실습학기제(현장실습) 참여 신청 건,컴퓨터공학과,2019.12.05,0,257,
877,2019학년도 학생창업자 현황조사 협조요청,컴퓨터공학과,2019.12.03,0,240,
876,코딩 경진 대회 공지 [21],컴퓨터공학과,2019.12.03,21,675,
875,2019학년도 자랑스러운 가천인상 대상자 추천 의뢰(졸업예정자),컴퓨터공학과,2019.12.03,0,614,
874,2019년 2학기 창의와인성 응급처치교육 추가 수업안내,컴퓨터공학과,2019.12.02,0,190,
873,"취업공고)자이크론, 유니텍",컴퓨터공학과,2019.12.02,0,449,
872,2019-동계 영어능력 졸업인증 대체프로그램 시행안내,컴퓨터공학과,2019.11.28,0,495,
871,제1회 컴퓨터 공학과 코딩 경진대회 결과 (수정),컴퓨터공학과,2019.11.28,0,1235,
870,2019학년도 마일리지(아름샘Ⅱ) 격려장학생,컴퓨터공학과,2019.11.27,0,502,
869,졸업작품합격여부 재확인(2차),컴퓨터공학과,2019.11.27,0,1005,
868,P-실무프로젝트 수강정정 관련 공지 [8],컴퓨터공학과,2019.11.26,8,757,
867,특성화 1회 코딩 경진 대회 긴급 공지,컴퓨터공학과,2019.11.26,0,522,
866,외국인 근로학생 근무시간 안내,컴퓨터공학과,2019.11.26,0,199,
865,졸업작품평가 결과,컴퓨터공학과,2019.11.26,0,1245,
864,1250만원 지급 취업브리지 현장실습 확대모집 공고,컴퓨터공학과,2019.11.25,0,965,
863,특성화 코딩경진대회 본선 공지,컴퓨터공학과,2019.11.25,0,694,
862,2019-2학기 창의와인성 응급처치교육 미이수자 공지,컴퓨터공학과,2019.11.22,0,300,
861,P-실무프로젝트 설명회 자료,컴퓨터공학과,2019.11.22,0,762,
860,[특성화] 컴퓨터 공학과 코딩 경진 대회 예선 알림,컴퓨터공학과,2019.11.18,0,525,
859,2019-동계 어학캠프 및 가천 영어 골든벨 참가자 모집,컴퓨터공학과,2019.11.18,0,287,
858,KH정보교육원 - 『IT & GAME 취업연계 정부지원 교육과정』 안내,컴퓨터공학과,2019.11.15,0,362,
857,LINC+사업단 바이오-인공지능 융합전공 홍보설명회 안내 [2],컴퓨터공학과,2019.11.15,2,460,
856,2020-1학기 융합전공 신청 안내,컴퓨터공학과,2019.11.15,0,495,
855,AI·빅데이터 기반 스마트에너지시스템 융합전공 1차 설명회(11/21 목),컴퓨터공학과,2019.11.14,0,386,
854,특성화 코딩 경진대회,컴퓨터공학과,2019.11.14,0,489,
853,"[3,4학년 필독] 11월 19일 졸업 작품 평가 안내",컴퓨터공학과,2019.11.13,0,1674,
852,2020-1학기 조기졸업 신청 안내,컴퓨터공학과,2019.11.11,0,334,
851,2020-1학기 부·복수전공 신청 안내,컴퓨터공학과,2019.11.11,0,688,
850,2019학년도 동계계절학기 수강신청 안내,컴퓨터공학과,2019.11.11,0,987,
849,2019-2학기 국가우수장학금(이공계) 재학중우수자(한학기 지원) 신청,컴퓨터공학과,2019.11.11,0,270,
848,2020년도 경기도형 대학생 취업브리지사업 참여신청 안내,컴퓨터공학과,2019.11.08,0,733,
847,[필독] 대체교과목 지정(컴퓨터구조-논리회로),컴퓨터공학과,2019.11.07,0,399,
846,‘19-2학기 푸른등대 삼성SOS장학금 신규장학생 신청,컴퓨터공학과,2019.11.05,0,272,
845,"[3,4학년 필독]졸업작품 평가회 진행 공지",컴퓨터공학과,2019.11.04,0,1485,
844,[대학혁신]2019년 가천핵심역량 진단 안내,컴퓨터공학과,2019.11.04,0,322,
843,2020-1학기 전과 신청 안내,컴퓨터공학과,2019.11.04,0,578,
842,(졸업예정자필독)졸업논문대상자조사 [66],컴퓨터공학과,2019.11.04,66,1888,
841,교내 특허교육 개최 안내,컴퓨터공학과,2019.11.04,0,287,
840,[이지케어텍] 2020년 신입사원 공개채용 안내,컴퓨터공학과,2019.11.01,0,359,
839,2019-2학기 창의 NTree 캠프 운영 재안내,컴퓨터공학과,2019.10.31,0,602,
838,취업브리지 면접합격 현황,컴퓨터공학과,2019.10.31,0,602,
837,2019 카카오 개발자 겨울 인턴십에 도전하세요! (~11/5),컴퓨터공학과,2019.10.31,0,408,
836,2020년도 경기도형 대학생 취업브리지 참여학생모집을 위한 사업설명회,컴퓨터공학과,2019.10.30,0,326,
835,취업브리지 기업 소개자료,컴퓨터공학과,2019.10.30,0,616,
834,우수중소기업 탐방 프로그램 안내,컴퓨터공학과,2019.10.28,0,297,
833,[IPP] ‘20 IPP형 일학습병행 사업 및 기업설명회,컴퓨터공학과,2019.10.28,0,689,
832,[창의 NTree 캠프] 조편성 안내,컴퓨터공학과,2019.10.28,0,523,
831,2019-2학기 장학사정관(추천전형) 장학생 추천 의뢰,컴퓨터공학과,2019.10.25,0,304,
830,2019학년도 동계 계절학기 예비수강신청 및 일정 안내,컴퓨터공학과,2019.10.25,0,394,
829,2019-동계방학 실습학기제(현장실습) 운영,컴퓨터공학과,2019.10.25,0,388,
828,3학년 모집중-2020년도 1학기 1인당 1250만원 지원 취업브리지 참가안내,컴퓨터공학과,2019.10.23,0,863,
827,[특성화] 컴퓨터공학과 코딩 경진대회,컴퓨터공학과,2019.10.23,0,987,
826,2020-1학기 IPP장기현장실습 참여학생 모집,컴퓨터공학과,2019.10.21,0,894,
825,2020년 IPP 일학습병행 참여학생 모집,컴퓨터공학과,2019.10.21,0,573,
824,동계 계절학기 논리회로 과목 수요조사 [19],컴퓨터공학과,2019.10.21,19,720,
823,졸업작품 평가를 통한 졸업인증 희망자 신청 안내 [2],컴퓨터공학과,2019.10.19,2,875,
822,근로학생모집-학기 최대 300만원지급,컴퓨터공학과,2019.10.19,0,376,
821,취업추천 - SCK 주식회사 MS 및 Adobe 전문영업,컴퓨터공학과,2019.10.18,0,283,
820,2019-전기 융합(연계)전공 자격신청서 제출 안내(수정),컴퓨터공학과,2019.10.16,0,517,
819,2019-전기 졸업대상자 제2전공(부/복수) 자격신청서 제출 안내,컴퓨터공학과,2019.10.15,0,494,
818,실습학기제(현장실습) 장학금 지급기준 변경 안내,컴퓨터공학과,2019.10.10,0,337,
817,2019-2학기 수업만족도 1차 조사(중간평가) 실시 안내,컴퓨터공학과,2019.10.08,0,348,
816,2019학년도 동계 계절학기 예비수강신청 및 일정 안내,컴퓨터공학과,2019.10.08,0,396,
815,인포큐브 엔지니어 구인 홍보,컴퓨터공학과,2019.10.04,0,245,
814,실습재료 구매지원 안내사항 (수정/파일추가) [2],컴퓨터공학과,2019.10.02,2,623,
813,[티맥스오에스(TmaxOS)오피스(ToOffice) 테스트 단기 대학생 아르바이트 채용 건,컴퓨터공학과,2019.09.25,0,444,
812,컴퓨터공학과 대학원 랩투어 안내,컴퓨터공학과,2019.09.25,0,744,
811,2019학년도 2학기 졸업앨범 사진촬영 안내,컴퓨터공학과,2019.09.24,0,253,
810,2019-2학기 미등록 및 미복학자,컴퓨터공학과,2019.09.23,0,262,
809,취업브리지사업 1차 기업면접결과 알림,컴퓨터공학과,2019.09.20,0,780,
808,2019학년도 2학기 수강신청 확인서 제출 안내,컴퓨터공학과,2019.09.20,0,529,
807,미래반도체(주) 신입사원 채용 공고,컴퓨터공학과,2019.09.20,0,242,
806,학생이 직접 제작하는 학과 홍보 영상 제작 프로젝트<나의 학과는>,컴퓨터공학과,2019.09.20,0,301,
805,[원격지원 SW 기업 - 알서포트] SW 테스트 아르바이트 모집,컴퓨터공학과,2019.09.19,0,487,
804,제2회 도서관 음악회 개최 안내,컴퓨터공학과,2019.09.19,0,149,
803,2019 공학페스티벌 가천대학교 공학홍보대사 I♥E 추천 인원 변경 안내(~9/20(금),컴퓨터공학과,2019.09.19,0,330,
802,[필독]2019-전기 글로벌캠퍼스 졸업예정자 1차 졸업사정 안내,컴퓨터공학과,2019.09.17,0,953,
801,2019년 2학기 노트북지원금 신청 안내,컴퓨터공학과,2019.09.16,0,1474,
800,2019-2학기 폐강 강좌 통보,컴퓨터공학과,2019.09.16,0,379,
799,[필독] 컴퓨터공학과 전공 관련 공지사항,컴퓨터공학과,2019.09.11,0,503,
798,2019학년도 가천제 주요 비교과 프로그램(공모전) 홍보,컴퓨터공학과,2019.09.11,0,276,
797,2019-2학기 교내장학금 2차 신청기간 안내,컴퓨터공학과,2019.09.11,0,342,
796,2019 공학페스티벌 가천대학교 공학홍보대사 I♥E 모집안내,컴퓨터공학과,2019.09.11,0,349,
795,[LINC+ 전공선택 추가 3학점 모집 당일 마감],컴퓨터공학과,2019.09.11,0,334,
794,[안내] 2019 공학페스티벌 가천대학교 공학홍보대사 I♥E 모집안내(~9/19까지),컴퓨터공학과,2019.09.10,0,318,
793,2019-2학기 케이티그룹희망나눔재단 창의혁신리더장학금 미래창조인재부문 장학생 추천 의뢰,컴퓨터공학과,2019.09.10,0,245,
792,2019년 2학기 링크 바이오 인공지능 과정 이수자를 모집,컴퓨터공학과,2019.09.10,0,456,
791,취업브리지 기업별 면접일정현황,컴퓨터공학과,2019.09.09,0,606,
790,2019년 「디지털 사회혁신(DSI) 아이디어 공모대회」공모기간 연장 안내,컴퓨터공학과,2019.09.09,0,250,
789,2019-2학기 외국어능력 졸업인증 대체프로그램 시행안내,컴퓨터공학과,2019.09.09,0,397,
788,[채용 설명회] 삼성 디스플레이(주) 하반기 채용 설명회 (9/10(화) 12:30~13:,컴퓨터공학과,2019.09.06,0,278,
787,(학비보조)2019학년도 (재)형남진장학재단 장학생 추천,컴퓨터공학과,2019.09.06,0,225,
786,취업브리지사업 참여학생 면접특강,컴퓨터공학과,2019.09.05,0,331,
785,2019-2학기 창의 NTree 캠프 운영 재안내,컴퓨터공학과,2019.09.05,0,338,
784,2019-2학기 미등록 및 미복학자 알림,컴퓨터공학과,2019.09.05,0,381,
783,「한국전력 미디어 콘텐츠 공모전」,컴퓨터공학과,2019.09.04,0,246,
782,[네이버] 2019 개발자 직군 신입공채 모집 공고 <~9월 17일까지 접수>,컴퓨터공학과,2019.09.04,0,451,
781,필독-종합프로젝트 수강생 공통 사항,컴퓨터공학과,2019.09.04,0,747,
780,2019-2학기 영어 그룹스터디 모집 홍보 요청,컴퓨터공학과,2019.09.04,0,310,
779,취업브리지사업 1차매칭결과 안내 입니다,컴퓨터공학과,2019.09.04,0,660,
778,[필독] P-실무프로젝트 수강 조정 안내,컴퓨터공학과,2019.09.03,0,679,
777,종합프로젝트 팀 편성 및 반 배정 결과,컴퓨터공학과,2019.09.03,0,1052,
776,제412차 민방위의 날(9.25) 전국 화재대피훈련 계획 알림,컴퓨터공학과,2019.09.03,0,217,
775,[전자조합] 반도체분야 무료 취업과정 안내,컴퓨터공학과,2019.09.02,0,318,
774,"LINC+ AI빅데이터 3,4학년 추가모집 안내",컴퓨터공학과,2019.09.02,0,515,
773,"[LINC+] IT디스플레이 융복합 플랫폼 연계(융합)전공 2차 추가모집(3,4학년)",컴퓨터공학과,2019.09.02,0,417,
772,"종합프로젝트,창의와인성 강의실 알림",컴퓨터공학과,2019.09.02,0,1966,
771,2019-2학기 장애인 증명서 제출 협조,컴퓨터공학과,2019.09.02,0,187,
770,2019학년도 2학기 창의와인성 응급처치교육 안내,컴퓨터공학과,2019.09.02,0,316,
769,종합프로젝트 수강신청 안내 [24],컴퓨터공학과,2019.09.01,24,2356,
768,2019-2학기 추가개설 강의 시간표 알림.,컴퓨터공학과,2019.08.29,0,964,
767,2019년 연구산업 일자리 박람회 개최,컴퓨터공학과,2019.08.29,0,226,
766,제12회 TOPCIT 정기평가 시행 안내 및 참여 협조 요청,컴퓨터공학과,2019.08.28,0,226,
765,추가등록기간 안내,컴퓨터공학과,2019.08.28,0,354,
764,취업계 서류 관련 공지,컴퓨터공학과,2019.08.26,0,450,
763,취업브리지 1차 매칭 공지,컴퓨터공학과,2019.08.22,0,512,
762,학위증 관련 안내 공지사항,컴퓨터공학과,2019.08.21,0,371,
761,성남시 청년전공살리기 프로젝트 사업,컴퓨터공학과,2019.08.21,0,558,
760,:[성균관대 선도센터] 산업별인적자원개발협의체(SC)연합 취업박람회 개최 안내-3개 SC(,컴퓨터공학과,2019.08.16,0,360,
759,2학기 추가개설과목 알림.,컴퓨터공학과,2019.08.16,0,1203,
758,브리지사업 1차매칭에 따른 후속일정(상담) 안내,컴퓨터공학과,2019.08.13,0,541,
757,'19-2학기 성남시 [청년전공살리기 프로젝트]사업 현장실습',컴퓨터공학과,2019.08.13,0,729,
756,전공과목 추가개설 [130],컴퓨터공학과,2019.08.12,130,2433,
755,[가천대 길병원 의료기기융합센터] 취업 홍보,컴퓨터공학과,2019.08.09,0,479,
754,2018-후기 최종 졸업사정 안내,컴퓨터공학과,2019.08.09,0,2593,
753,컴퓨터구조(09571004)이상순교수님 수업시간 변경알림.,컴퓨터공학과,2019.08.09,0,499,
752,LINC+ AI·빅데이터 융합전공 안내,컴퓨터공학과,2019.08.08,0,422,
751,'AI World Cup 2019' 대회 개최 안내,컴퓨터공학과,2019.08.08,0,255,
750,2018학년도 후기 학위수여식 안내,컴퓨터공학과,2019.08.07,0,323,
749,"2019-2학기 등록, 휴？복학기간 공지 및 복학예정자 알림",컴퓨터공학과,2019.08.06,0,402,
748,추가개설 관련 공지사항 [2],컴퓨터공학과,2019.08.06,2,705,
747,졸업예정자의 「개인정보 수집·이용 및 제3자 제공 동의서」 제출,컴퓨터공학과,2019.08.06,0,307,
746,LINC+ AI·빅데이터 기반 스마트에너지시스템 융합전공 소개 및 학생 추가모집 안내,컴퓨터공학과,2019.08.02,0,542,
745,2019학년도 2학기 수강신청 안내,컴퓨터공학과,2019.08.01,0,1193,
744,예비수강 리셋관련 공지 [1],컴퓨터공학과,2019.07.31,1,2074,
743,경기도형 대학생 취업브리지 전공교육과정 계절학기 공지,컴퓨터공학과,2019.07.31,0,655,
742,경기도형 대학생 취업브리지사업 참여기업별 현황,컴퓨터공학과,2019.07.30,0,872,
741,2019-2학기 P-실무프로젝트(현장실습) 시행 안내,컴퓨터공학과,2019.07.30,0,790,
740,2019-2학기 재입학 허가자 등록 알림,컴퓨터공학과,2019.07.29,0,247,
739,링크+ 인공지능 바이오 융합과정 필수 학점 변경 예고,컴퓨터공학과,2019.07.26,0,374,
738,2019-1학기 ‘학사경고자를 위한 re:start’ 프로그램 이수 안내,컴퓨터공학과,2019.07.26,0,276,
737,종합프로젝트(황재천교수),컴퓨터공학과,2019.07.25,0,523,
736,류은석 교수님 수업 관련 공지사항,컴퓨터공학과,2019.07.25,0,764,
735,P실무프로젝트 관련(류은석교수님),컴퓨터공학과,2019.07.24,0,465,
734,P학기제 설명회 개최,컴퓨터공학과,2019.07.24,0,1620,
733,2019-2학기 성적우수 장학금 기준 변경,컴퓨터공학과,2019.07.24,0,689,
732,가천대학교 취업브리지사업 참여기업 기업소개자료입니다. [17],컴퓨터공학과,2019.07.24,17,769,
731,2019-2학기 장기 실습학기제(현장실습) 시행 안내,컴퓨터공학과,2019.07.24,0,1192,
730,운영체제(08306007)영어과목알림,컴퓨터공학과,2019.07.24,0,446,
729,예비수강과 본수강의 차이,컴퓨터공학과,2019.07.23,0,853,
728,(필독) 동일교과목 알림,컴퓨터공학과,2019.07.22,0,968,
727,:2019-2학기 (재)삼송장학회 장학생 추천 의뢰,컴퓨터공학과,2019.07.17,0,377,
726,예비수강과 본 수강 차이,컴퓨터공학과,2019.07.17,0,549,
725,2019년도 하반기 금융결제원 신입직원 채용공고,컴퓨터공학과,2019.07.15,0,329,
724,한컴MDS 인턴 구인모집,컴퓨터공학과,2019.07.10,0,423,
723,<2019-2학기 취창업진로세미나 수업 개설 관련>(4학년필독),컴퓨터공학과,2019.07.09,0,1118,
722,가천대학교 LINC+사업단 융합전공 참여학생 모집 안내 [1],컴퓨터공학과,2019.07.09,1,588,
721,2019-2학기 (재)성보장학회 장학생(학비보조) 추천 의뢰,컴퓨터공학과,2019.07.04,0,246,
720,2019 인천정보보호컨퍼런스,컴퓨터공학과,2019.07.04,0,285,
719,링크+ 바이오-인공지능 융합과정 교과과정 안내 [1],컴퓨터공학과,2019.07.01,1,682,
718,2018-후기 졸업대상자 전공Honors졸업인증 신청서 제출 안내,컴퓨터공학과,2019.06.28,0,374,
717,바이오 인공지능 연계과정 사전 신청,컴퓨터공학과,2019.06.28,0,286,
716,2019-2학기 (재)롯데장학재단 신규장학생 추천 의뢰,컴퓨터공학과,2019.06.27,0,338,
715,「제6회 소프트웨어 개발보안 경진대회」,컴퓨터공학과,2019.06.27,0,340,
714,링크플러스사업 프로그램 안내,컴퓨터공학과,2019.06.25,0,862,
713,2019 NTIS 정보활용경진대회 안내,컴퓨터공학과,2019.06.25,0,373,
712,4학년 졸업예정자 및 하계졸업생 취업 추천 - 비트컴퓨터 신입사원,컴퓨터공학과,2019.06.19,0,476,
711,P 학기제 도입 및 취업 역량의 강화로 인해 컴퓨터공학과의 졸업 내규 변경,컴퓨터공학과,2019.06.17,0,2123,
710,"공학교육혁신센터 ""공학을 꽃피우는 인문학 캠프"" 참가자 모집",컴퓨터공학과,2019.06.12,0,391,
709,Q&A (LINC+ IT디스플레이 융복합 플랫폼 연계(융합)전공 신청 건),컴퓨터공학과,2019.06.11,0,350,
708,2019-2학기 재입학 신청 안내,컴퓨터공학과,2019.06.11,0,304,
707,[대학혁신] 2019학년도 학생 중심의 학과 홍보 영상 제작 프로젝트 “나의 학과는.” 안,컴퓨터공학과,2019.06.10,0,420,
706,2019학년도 (재)주심장학재단 장학생 추천,컴퓨터공학과,2019.06.10,0,260,
705,2019-하계방학 어학 Camp 추가모집,컴퓨터공학과,2019.06.10,0,342,
704,2019-1 사회봉사 제출서류 및 방법 안내,컴퓨터공학과,2019.06.10,0,326,
703,[졸업작품전시회_입상자] 졸업작품전시회 입상자 필독사항입니다.,컴퓨터공학과,2019.06.07,0,410,
702,경기도형 대학생 취업브리지 면접심사결과안내,컴퓨터공학과,2019.06.07,0,778,
701,특성화-여름방학 보충캠프 수요조사,컴퓨터공학과,2019.06.04,0,450,
700,(수강신청전 필독)전체학생- 컴공 졸업요건 변경 및 3학년 12+4 P학기 설명자료,컴퓨터공학과,2019.06.04,0,3179,
699,[2019 여름방학 인문학 캠프 참가자 모집](수정),컴퓨터공학과,2019.06.04,0,420,
698,2019 교내봉사활동 프로그램 진행 안내,컴퓨터공학과,2019.06.03,0,389,
697,2019-하계방학 실습학기제(현장실습) 사전교육 안내,컴퓨터공학과,2019.06.03,0,301,
696,2019-2학기 교내장학금 신청기간 안내,컴퓨터공학과,2019.06.03,0,768,
695,"LINC+ IT 디스플레이 융복합 플랫폼 연계(융합) 전공 신청자 모집(3,4학년)",컴퓨터공학과,2019.06.03,0,481,
694,2019년도 컴퓨터공학과 졸업작품 평가회 재심사 관련 공지,컴퓨터공학과,2019.05.31,0,590,
693,2019-2학기 학？석사연계과정 신청 안내,컴퓨터공학과,2019.05.30,0,309,
692,2019-하계 외국어능력 졸업인증 대체프로그램 운영안내,컴퓨터공학과,2019.05.30,0,328,
691,졸업작품집 관련 공지,컴퓨터공학과,2019.05.30,0,1202,
690,졸업작품 평가회 입상자 및 졸업작품전 관련 공지,컴퓨터공학과,2019.05.30,0,1228,
689,2019-하계방학 어학 Camp 참가 안내,컴퓨터공학과,2019.05.29,0,432,
688,브리지사업 면접일정 안내,컴퓨터공학과,2019.05.28,0,775,
687,2019 하계 현장실습 참여 안내2,컴퓨터공학과,2019.05.28,0,371,
686,"2019학년도 【하계방학 글로벌(중국,독일) 인턴쉽】 참여학생 모집",컴퓨터공학과,2019.05.28,0,488,
685,2019 경기도형 대학생 취업브리지 서류심사 합격자 현황,컴퓨터공학과,2019.05.27,0,991,
684,2018학년도 후기 교원자격 무시험검정원서 제출 의뢰,컴퓨터공학과,2019.05.27,0,205,
683,2019 하계 현장실습 참여 안내,컴퓨터공학과,2019.05.27,0,405,
682,제7회 취업진로 포트폴리오 콘테스트 개최 안내,컴퓨터공학과,2019.05.27,0,357,
681,2019-1학기 간부 및 공로장학금,컴퓨터공학과,2019.05.23,0,411,
680,[필독] 2019년도 컴퓨터공학과 졸업작품 평가회 장소 및 일정 공지,컴퓨터공학과,2019.05.21,0,1311,
679,4학년 KMOVE 일본취업연계 교육 프로그램 소개,컴퓨터공학과,2019.05.20,0,393,
678,2019학년도 졸업앨범 사진촬영 안내,컴퓨터공학과,2019.05.17,0,494,
677,2019년 컴퓨터 공학과 졸업작품평가회,컴퓨터공학과,2019.05.17,0,580,
676,2019학년도 가천멘토와 함께하는 『선배 초청 직무토크』,컴퓨터공학과,2019.05.17,0,315,
675,e-ICON세계대회 개최 계획(수정),컴퓨터공학과,2019.05.17,0,387,
674,4학년 대상 취업연계교육 안내 - 비트컴퓨터 자바웹개발자 과정,컴퓨터공학과,2019.05.17,0,473,
673,취업브리지 필독-서류제출 안내,컴퓨터공학과,2019.05.16,0,642,
672,2019-1학기 장학사정관(추천전형) 장학생 추천,컴퓨터공학과,2019.05.15,0,396,
671,IT헬프데스크 (분당) ※총 2명 채용,컴퓨터공학과,2019.05.15,0,521,
670,2019-2학기 부·복수전공 신청 안내,컴퓨터공학과,2019.05.13,0,607,
669,2019-2학기 융합전공 신청 안내,컴퓨터공학과,2019.05.13,0,334,
668,경기도형 대학생 취업브리지(이력서 및 자기소개서 양식),컴퓨터공학과,2019.05.13,0,1230,
667,2019-2학기 조기졸업 신청 안내,컴퓨터공학과,2019.05.13,0,287,
666,제6회 중앙도서관 전자정보박람회 안내,컴퓨터공학과,2019.05.13,0,212,
665,2019년도 컴퓨터공학과 졸업작품 평가회 관련 공지,컴퓨터공학과,2019.05.09,0,907,
664,SW경진대회 공지사항,컴퓨터공학과,2019.05.08,0,557,
663,2019학년도 하계계절학기 수강신청 안내,컴퓨터공학과,2019.05.08,0,848,
662,A형간염 관련 예방수칙 및 관리방법 안내,컴퓨터공학과,2019.05.07,0,222,
661,G브릿지 설명회 개최 공지,컴퓨터공학과,2019.05.01,0,1540,
660,개교 80주년 기념 가천 한마음 Festival 개최 안내,컴퓨터공학과,2019.05.01,0,509,
659,2019년 학생예비군 기본훈련 편성 통보,컴퓨터공학과,2019.05.01,0,585,
658,2019 가천대학교 창의적 종합설계 아이디어 공모전 참가신청서 접수기간 연장 안내('19.,컴퓨터공학과,2019.04.26,0,293,
657,2018-후기 졸업대상자 제2전공(부/복수) 자격신청서 제출 안내,컴퓨터공학과,2019.04.26,0,484,
656,‘2019 가천멘토와 함께하는 직무박람회’ 학과별 학생 참여,컴퓨터공학과,2019.04.24,0,625,
655,2019-1학기 푸른등대 삼성SOS장학금 신규장학생 신청안내,컴퓨터공학과,2019.04.23,0,328,
654,2019년 1학기 졸업작품 심사 및 작품전 관련 공지,컴퓨터공학과,2019.04.19,0,721,
653,학생예비군훈련자 도시락 품평회,컴퓨터공학과,2019.04.19,0,448,
652,2019-1학기 고 의인 천소룡기념 장학금 신청기간 변경 안내,컴퓨터공학과,2019.04.18,0,214,
651,특성화-외부 전문가 특강 및 취창업진로세미나 수업대체 안내,컴퓨터공학과,2019.04.18,0,712,
650,특성화-컴공 SW서포터즈 모집 공지,컴퓨터공학과,2019.04.18,0,623,
649,졸업요건변경 및 교육과정 변경 관련,컴퓨터공학과,2019.04.17,0,707,
648,2019-1학기 고 의인 천소룡기념 장학생 대상자 추천,컴퓨터공학과,2019.04.15,0,479,
647,2019학년도 (재)효림장학재단 장학생 추천,컴퓨터공학과,2019.04.12,0,284,
646,2019학년도 신입생 가천핵심역량진단 시행(신입생필수사항),컴퓨터공학과,2019.04.12,0,235,
645,2019-1학기 수업만족도 평가문항 변경 및 중간평가 실시 알림,컴퓨터공학과,2019.04.11,0,354,
644,2019학년도 하계 계절학기 예비수강신청 및 일정 안내,컴퓨터공학과,2019.04.08,0,950,
643,[필독] 4월10일-3학년 및 4학년 졸업요건 변경 설명회 공지,컴퓨터공학과,2019.04.04,0,1411,
642,[1학년 필수] 효사랑 스승사랑 편지쓰기,컴퓨터공학과,2019.04.04,0,436,
641,웹프로그래밍 온라인 학습자료 공지,컴퓨터공학과,2019.04.01,0,463,
640,2019년 월드프렌즈 IT 봉사단 모집 공고,컴퓨터공학과,2019.03.27,0,400,
639,2019-1학기 장애학생 현황 제출,컴퓨터공학과,2019.03.25,0,193,
638,불법 소프트웨어 사용 금지 안내,컴퓨터공학과,2019.03.25,0,367,
637,2019학년도 졸업생 ‘취업 JUMP UP+’ 프로그램 참여자 모집,컴퓨터공학과,2019.03.25,0,245,
636,[IPP]2019-2학기 IPP(장기현장실습) 학생 모집 설명회,컴퓨터공학과,2019.03.22,0,623,
635,2018-후기 글로벌캠퍼스 1차 졸업사정 안내,컴퓨터공학과,2019.03.21,0,830,
634,2019 블록체인 국민참여 평가단 모집,컴퓨터공학과,2019.03.21,0,345,
633,현장실습연계프로젝트 재료비 신청 관련 공지,컴퓨터공학과,2019.03.20,0,512,
632,2019년 기상기후 빅데이터 이해와 활용과정(특강) 수요조사 협조 요청,컴퓨터공학과,2019.03.18,0,353,
631,2019학년도 1학기 수강신청 확인서 제출 안내,컴퓨터공학과,2019.03.18,0,749,
630,2019학년도 1학기 수강포기 안내,컴퓨터공학과,2019.03.14,0,306,
629,공학교육혁신센터 2019 드론 종합개발 전문가 양성과정 교육생 모집[~3월 14일(목)까지,컴퓨터공학과,2019.03.13,0,236,
628,2019-1학기 외국어능력 졸업인증 대체프로그램 시행안내,컴퓨터공학과,2019.03.13,0,377,
627,2019년 1학기 노트북지원금 신청 안내,컴퓨터공학과,2019.03.11,0,3058,
626,2019학년도 신입생 <진로&직무가이드> 배부 안내,컴퓨터공학과,2019.03.11,0,557,
625,2019학년도 1학기 창의와인성 응급처치교육 안내,컴퓨터공학과,2019.03.08,0,337,
624,2019-1학기 교내장학금 2차 신청기간 안내,컴퓨터공학과,2019.03.08,0,570,
623,2019-1학기 미등록 및 미복학자 등록기간알림,컴퓨터공학과,2019.03.08,0,329,
622,컴공학생 제2전공 전용 강좌 추가신청 가능 안내 공지,컴퓨터공학과,2019.03.08,0,781,
621,필독))강의실 변경,컴퓨터공학과,2019.03.07,0,1006,
620,필독))취창업진로세미나 수강신청 관련 공지사항(수정),컴퓨터공학과,2019.03.06,0,860,
619,2019 창의적 종합설계 아이디어 공모전 참가신청 안내,컴퓨터공학과,2019.03.06,0,351,
618,취창업진로세미나 수강생 교제 배부,컴퓨터공학과,2019.03.04,0,1297,
617,2019학년도 1학기 교직 적？인성검사 신청 안내,컴퓨터공학과,2019.03.04,0,295,
616,(학비보조-생활비)2019학년도 (재)하림장학재단 하림장학생 추천 의뢰,컴퓨터공학과,2019.03.04,0,287,
615,컴퓨터공학개론 과목 시간변경,컴퓨터공학과,2019.03.04,0,525,
614,복학생의 '졸업프로젝트' 교과목 수강,컴퓨터공학과,2019.03.04,0,563,
613,2019년 1학기 소프트웨어 기초교양 과목 신입생 수강신청 안내,컴퓨터공학과,2019.02.26,0,745,
612,"추가개설 과목 공지(3/7 목요일 5시까지 신청받습니다/부전공,제2전공전용)",컴퓨터공학과,2019.02.25,-1,6152,
611,2019 정산(正山)장학생 선발공고,컴퓨터공학과,2019.02.25,0,751,
610,컴퓨터공학과 복수전공 및 부전공 수업듣는 학생들 필독사항,컴퓨터공학과,2019.02.21,0,773,
609,2019-1학기 추가 등록기간 안내,컴퓨터공학과,2019.02.20,0,1058,
608,전공과목 추가개설,컴퓨터공학과,2019.02.14,-2,5051,
607,원어강의 신청 학생 필독,컴퓨터공학과,2019.02.14,0,805,
606,중요)시간표 변경사항,컴퓨터공학과,2019.02.13,0,954,
605,"국가고시,대외수상실적 대상학생",컴퓨터공학과,2019.02.13,0,445,
604,복학생 졸업프로젝트,컴퓨터공학과,2019.02.12,0,839,
603,삼성전자 창업경진대회 참가 학생모집,컴퓨터공학과,2019.02.12,0,368,
602,[4학년필독] IPP일학습병행제 참여학생 추가 모집,컴퓨터공학과,2019.02.11,0,613,
601,[4학년필독]SW융합디자인(캡스톤)과목 안내,컴퓨터공학과,2019.02.11,0,589,
600,"강의실,강의시간 변경",컴퓨터공학과,2019.02.11,0,821,
599,취창업진로세미나 수강신청 관련 공지사항,컴퓨터공학과,2019.02.08,0,877,
598,시간표 안내 공지,컴퓨터공학과,2019.02.01,0,1242,
597,2018학년도 전기 학위수여식 학위복 대여 안내,컴퓨터공학과,2019.01.31,0,580,
596,2018-전기 졸업유보 신청자 승인현황 통보,컴퓨터공학과,2019.01.31,0,717,
595,"삼성전자 창업경진대회 출전, Dream Team 구성",컴퓨터공학과,2019.01.31,0,478,
594,컴퓨터공학개론 과목 시간변경,컴퓨터공학과,2019.01.30,0,512,
593,전과허가자들 공지사항 알림,컴퓨터공학과,2019.01.24,0,496,
592,4학년 IPP일학습병행제 추가 모집 공고,컴퓨터공학과,2019.01.23,0,964,
591,2019학년도 (재)삼송장학회 장학생 추천,컴퓨터공학과,2019.01.11,0,459,
590,2019-1학기 IPP장기현장실습(한국교통안전공단) 실습생 모집 공고,컴퓨터공학과,2019.01.08,0,679,
589,국민권익위원회 '2019 청백리포터 모집',컴퓨터공학과,2019.01.04,0,199,
588,(주)에이에스피엔 2019년 1기 인턴사원 채용,컴퓨터공학과,2018.12.21,0,718,
587,2019년도 한국지도자육성장학재단 장학생 선발,컴퓨터공학과,2018.12.20,0,470,
586,2019년 IPP형 일학습병행제 SW개발과정 실습생 모집,컴퓨터공학과,2018.12.19,0,560,
585,황희정 교수님 스프링프레임워크 실무 특강,컴퓨터공학과,2018.12.17,0,547,
584,졸업작품평가 재심 결과 공지,컴퓨터공학과,2018.12.16,0,630,
583,2018-전기 졸업유보(학사학위취득의 유예) 신청 안내,컴퓨터공학과,2018.12.13,0,712,
582,2019-1학기 교내장학금 신청기간 안내,컴퓨터공학과,2018.12.12,0,568,
581,대학원 활성화를 위한 학술지원장학금 신청 안내,컴퓨터공학과,2018.12.12,0,307,
580,2019-1학기 재입학 신청 안내,컴퓨터공학과,2018.12.12,0,527,
579,졸업작품집 제작 관련 공지,컴퓨터공학과,2018.12.11,0,1035,
578,2019-1학기 IPP장기현장실습(가온소프트) 실습생 모집 [1],컴퓨터공학과,2018.12.11,1,495,
577,[채용홍보] 비전바이오켐,컴퓨터공학과,2018.12.11,0,240,
576,아너스 클래스 참여 학생들에게 자바 아너스 인증 시험 공지,컴퓨터공학과,2018.12.10,0,385,
575,2019년 (재)산학협동재단 전액장학생,컴퓨터공학과,2018.12.07,0,330,
574,(학비보조)2019년 OK배·정장학재단 생활장학생 선발 홍보,컴퓨터공학과,2018.12.05,0,269,
573,외국인 유학생 다음 학기 개강 준비,컴퓨터공학과,2018.12.04,0,389,
572,"2019-1학기 학,석사연계과정 신청 안내",컴퓨터공학과,2018.12.04,0,383,
571,사회봉사(교필) 졸업 미인증자 안내,컴퓨터공학과,2018.12.04,0,431,
570,졸업작품전 재심 공지,컴퓨터공학과,2018.12.02,0,871,
569,현장실습 업체 추가,컴퓨터공학과,2018.11.30,0,845,
568,2018-동계 영어능력 졸업인증 대체프로그램 시행안내,컴퓨터공학과,2018.11.28,0,746,
567,2018학년도 마일리지(아름샘Ⅱ) 장학금 대상자 추천 의뢰,컴퓨터공학과,2018.11.27,0,1243,
566,IPP형 일학습병행제 제도 안내 및 기업리스트 공개,컴퓨터공학과,2018.11.26,0,660,
565,4학년필독-졸업작품전 준비 및 진행 공지,컴퓨터공학과,2018.11.25,0,816,
564,성화 및 Design Thinking 적극 참여 요청,컴퓨터공학과,2018.11.22,0,438,
563,2018-2학기 국가우수장학금(이공계)재학중우수자(한 학기 지원) 유형 신청 안내,컴퓨터공학과,2018.11.21,0,478,
562,간부 및 공로 장학금 지급 안내,컴퓨터공학과,2018.11.19,0,489,
561,네덜란드 유명 기업연구소인 TNO 의 Simon Gunkel 연구원의 세미나,컴퓨터공학과,2018.11.16,0,358,
560,"[ACE+] 학과별 국가고시, 대외수상실적 명단 및 증빙 1차 제출요청",컴퓨터공학과,2018.11.13,0,298,
559,2019-1학기 연계전공 신청 안내,컴퓨터공학과,2018.11.13,0,806,
558,진로세미나(2018-2) 13~14주차(이력서/면접) 수업대체 특강 안내,컴퓨터공학과,2018.11.13,0,477,
557,현장실습(동계),컴퓨터공학과,2018.11.12,0,888,
556,2018-전기 미졸업 예정자,컴퓨터공학과,2018.11.09,0,537,
555,2019-1학기 부·복수전공 신청안내,컴퓨터공학과,2018.11.09,0,622,
554,2019-1학기 조기졸업 신청안내,컴퓨터공학과,2018.11.09,0,275,
553,진로세미나 수업 대체 (11월 12일),컴퓨터공학과,2018.11.08,0,416,
552,컴퓨터공학과 대학원 랩투어 안내,컴퓨터공학과,2018.11.07,0,539,
551,졸업작품전 준비사항-11월7일공지,컴퓨터공학과,2018.11.07,0,1034,
550,학과 진로 1DAY 컨설팅 안내,컴퓨터공학과,2018.11.06,0,401,
549,[2018-동계방학 실습학기제(현장실습)] 학생설명회,컴퓨터공학과,2018.11.06,0,288,
548,성남시와 가천대학교가 함께하는 IT 취업캠프,컴퓨터공학과,2018.11.06,0,549,
547,2019-1학기 전과 신청 안내,컴퓨터공학과,2018.11.05,0,535,
546,2018학년도 동계계절학기 수강신청 안내,컴퓨터공학과,2018.11.05,0,510,
545,취업지원관과 함께하는 <‘진로세미나’ 입사서류/면접 완전정복특강>,컴퓨터공학과,2018.11.02,0,334,
544,G-one 프로그램,컴퓨터공학과,2018.11.01,0,486,
543,29일-졸작평가회 평가장 및 일정,컴퓨터공학과,2018.10.23,0,1689,
542,졸업작품평가회 파일업로드 [11],컴퓨터공학과,2018.10.23,11,1473,
541,2018-전기 졸업대상자 제2전공(부/복수) 자격신청서 제출 안내,컴퓨터공학과,2018.10.22,0,736,
540,2018-전기 졸업대상자 연계전공 이수취득 신청 안내,컴퓨터공학과,2018.10.18,0,404,
539,2018-2학기 수업만족도 조사(1차) 실시 알림,컴퓨터공학과,2018.10.11,0,295,
538,"IPP 설명회 (3,4학년) 공지",컴퓨터공학과,2018.10.08,0,649,
537,진로세미나 수업,컴퓨터공학과,2018.10.08,0,501,
536,2018-2학기 장학사정관(추천전형) 장학생 추천,컴퓨터공학과,2018.10.08,0,730,
535,IPP교수님이 들려주는 기업&직무 이야기,컴퓨터공학과,2018.10.05,0,489,
534,2018-2학기 졸업앨범촬영 관련 안내,컴퓨터공학과,2018.10.05,0,379,
533,논리회로 (계절학기) [12],컴퓨터공학과,2018.10.04,12,577,
532,2018년도 4차 응급처치 및 심폐소생술 특강 신청 안내,컴퓨터공학과,2018.10.02,0,247,
531,"2018학년도 가천멘토와 함께하는 ""선배 초청 직무 토크(진로세미나)",컴퓨터공학과,2018.10.01,0,375,
530,2018학년도 가천멘토와 함께하는 『선배 초청 직무토크』,컴퓨터공학과,2018.09.20,0,320,
529,3/4 학년 IPP,컴퓨터공학과,2018.09.18,0,772,
528,2018학년도 2학기 수강포기 안내,컴퓨터공학과,2018.09.17,0,309,
527,2018-2학기 노트북지원금 신청 안내,컴퓨터공학과,2018.09.14,0,993,
526,2018년 미래창조인재 장학생 선발 안내문,컴퓨터공학과,2018.09.13,0,327,
525,2018년 대학생 핵심역량진단(K-CESA) 대상자 모집 공고문,컴퓨터공학과,2018.09.13,0,236,
524,2018-2학기 교내장학금 2차 신청기간 안내,컴퓨터공학과,2018.09.12,0,592,
523,2018-2학기 폐강 과목 안내,컴퓨터공학과,2018.09.12,0,310,
522,2018학년도 2학기 수강신청 확인서 제출 안내,컴퓨터공학과,2018.09.11,0,570,
521,2018-2학기 폐강 예정과목,컴퓨터공학과,2018.09.07,0,671,
520,컴퓨터공학과 전공필수 졸업학점 관련,컴퓨터공학과,2018.09.07,0,1097,
519,2018-2학기 영어능력 졸업인증 대체프로그램 시행안내,컴퓨터공학과,2018.09.06,0,643,
518,소프트웨어공학 수업 이동 건으로 인한 시간표 변경,컴퓨터공학과,2018.09.05,0,502,
517,2018-2학기 장애 재학생 현황 제출 협조,컴퓨터공학과,2018.09.05,0,178,
516,미등록 미복학 납부 및 신청기간,컴퓨터공학과,2018.09.05,0,311,
515,소프트웨어공학 추가개설 [4],컴퓨터공학과,2018.09.04,4,704,
514,2019-1학기 해외파견 교환/방문학생 프로그램,컴퓨터공학과,2018.09.04,0,568,
513,컴퓨터공학과 추가개설 2,컴퓨터공학과,2018.09.03,0,996,
512,에듀에코세미나 및 IT신기술특론 [31],컴퓨터공학과,2018.09.03,31,971,
511,서버프로그래밍,컴퓨터공학과,2018.09.03,0,468,
510,진로세미나 및 사회봉사,컴퓨터공학과,2018.09.03,0,542,
509,3학년 프로젝트 팀구성,컴퓨터공학과,2018.08.31,0,555,
508,2018학년도 2학기 교직 적.인성검사 신청 안내,컴퓨터공학과,2018.08.27,0,270,
507,타과 전공과목 수강 관련,컴퓨터공학과,2018.08.27,0,458,
506,프로젝트 팀구성 및 담당교수 배정,컴퓨터공학과,2018.08.23,0,1094,
505,학위수여식 및 학위복 대여,컴퓨터공학과,2018.08.23,0,234,
504,2018-2학기 추가 등록기간 안내 및 학부 전액장학생 등록금 수납방법 안내,컴퓨터공학과,2018.08.22,0,415,
503,2018-2학기 추가개설 과목 시간 및 교수 배정 공지,컴퓨터공학과,2018.08.20,0,1596,
502,학석사연계.통합과정 수강신청,컴퓨터공학과,2018.08.17,0,680,
501,서버프로그래밍 추가개설 관련 공지,컴퓨터공학과,2018.08.14,0,647,
500,컴퓨터공학과 추가개설 강좌 공지 [6],컴퓨터공학과,2018.08.13,6,2090,
499,3/4학년 졸업프로젝트 수행을 위한 팀 구성 모임 안내,컴퓨터공학과,2018.08.12,0,831,
498,컴퓨터공학과 추가개설 공지,컴퓨터공학과,2018.08.10,0,1238,
497,컴퓨터공학과 추가개설과목 [291],컴퓨터공학과,2018.08.07,291,3896,
496,복학예정학생 수강신청 요령 : 졸업프로젝트 교과목,컴퓨터공학과,2018.08.06,0,764,
495,2학기 학·석사연계과정/학석사통합과정 수강신청 안내,컴퓨터공학과,2018.08.06,0,502,
494,프로그래밍기초와 프로그래밍응용 (17학번),컴퓨터공학과,2018.07.27,0,571,
493,컴퓨터공학과 17학번 학생들 필독!,컴퓨터공학과,2018.07.26,0,862,
492,2018한국 대학생의 교수학습과정에 관한 설문조사,컴퓨터공학과,2018.07.25,0,321,
491,진로세미나 관련 공지,컴퓨터공학과,2018.07.25,0,904,
490,전과학생 필독사항,컴퓨터공학과,2018.07.25,0,669,
489,예비 수강신청 : 3학년 종합프로젝트,컴퓨터공학과,2018.07.25,0,1978,
488,2018-2학기 예비수강신청 안내,컴퓨터공학과,2018.07.18,0,1628,
487,2018-1학기 사회봉사(교필) 결과물 취합 및 서류제출,컴퓨터공학과,2018.07.05,0,587,
486,더존 인턴 프로그램 채용연계 지원자 모집,컴퓨터공학과,2018.06.29,0,655,
485,졸업유보제도 변경시행 및 단계적 폐지 안내,컴퓨터공학과,2018.06.21,0,491,
484,Design Thinking [46],컴퓨터공학과,2018.06.20,46,1501,
483,취업진로현황조사,컴퓨터공학과,2018.06.20,0,421,
482,18-하계 현장실습 사전교육 안내,컴퓨터공학과,2018.06.20,0,347,
481,제6회 K-HACKATHON 등록 안내,컴퓨터공학과,2018.06.20,0,259,
480,2018 컴퓨터공학과 대학원 연구실 소개,컴퓨터공학과,2018.06.18,0,524,
479,SW사업단 학생 해외연수 및 보충캠프 공고문,컴퓨터공학과,2018.06.15,0,642,
478,ACE 2018 아이디어톤 결과,컴퓨터공학과,2018.06.12,0,707,
477,2018 ACE 해커톤 결과 & 아이디어톤 결과보고서 제출,컴퓨터공학과,2018.06.12,0,631,
476,2018-2학기 교내장학금 신청기간 안내,컴퓨터공학과,2018.06.07,0,637,
475,2018-1_BOTTOMUP 해커톤 세부주제 공지,컴퓨터공학과,2018.06.06,0,437,
474,ACE 해커톤 세부 주제,컴퓨터공학과,2018.06.06,0,386,
473,응급처치 추가 수업일 공지,컴퓨터공학과,2018.06.05,0,242,
472,ACE 아이디어톤 예선 심사 결과,컴퓨터공학과,2018.06.04,0,761,
471,방학중 빅데이터 취업연계과정 설명회 및 수강생 모집,컴퓨터공학과,2018.06.04,0,528,
470,졸업프로젝트 2차 학기(하계졸업예정자) 평가결과,컴퓨터공학과,2018.06.04,0,1619,
469,3학년 Design Thinking,컴퓨터공학과,2018.06.04,0,1023,
468,2018-하계방학 경기도청 현장실습 협력사업 참여 기관 및 학생 추가 모집 안내,컴퓨터공학과,2018.06.04,0,548,
467,2018 국가슈퍼컴퓨팅 경진대회,컴퓨터공학과,2018.06.04,0,467,
466,정전일정,컴퓨터공학과,2018.06.04,0,338,
465,6월 정보교육 안내,컴퓨터공학과,2018.05.30,0,928,
464,2018-2학기 학사 및 석사연계과정 신청 안내,컴퓨터공학과,2018.05.30,0,331,
463,2018-하계 영어능력 졸업인증 대체프로그램 시행안내,컴퓨터공학과,2018.05.30,0,384,
462,고시장학금 지급 기준 안내,컴퓨터공학과,2018.05.30,0,240,
461,"[ACE] 학과별 국가고시, 대외수상실적 입력 협조",컴퓨터공학과,2018.05.30,0,276,
460,아이디어톤 입상 결과,컴퓨터공학과,2018.05.29,0,735,
459,하계 현장실습(3/4학년 필독),컴퓨터공학과,2018.05.29,0,720,
458,[에이스] 아이디어톤 해커톤 공지사항 필독 !!,컴퓨터공학과,2018.05.28,0,655,
457,2018년 남양주 해커톤 대회,컴퓨터공학과,2018.05.28,0,518,
456,3/4학년 필독,컴퓨터공학과,2018.05.25,0,1017,
455,인성세미나 응급처치교육 관련 공지,컴퓨터공학과,2018.05.24,0,410,
454,3학년 필독(졸업프로젝트),컴퓨터공학과,2018.05.21,0,1362,
453,하계계절학기 담당 교수님 및 계절학기 공지사항,컴퓨터공학과,2018.05.18,0,911,
452,2018-1_Gachon_BottomUp_아이디어톤_세부주제공지,컴퓨터공학과,2018.05.17,0,720,
451,4학년필독! 종합프로젝트 2차학기 - 2018하계 졸업예정자 평가 일정,컴퓨터공학과,2018.05.17,0,869,
450,2018-1_Gachon_BottomUp_아이디어톤,컴퓨터공학과,2018.05.15,0,1325,
449,2018-1_Gachon_BottomUp_해커톤,컴퓨터공학과,2018.05.15,0,1079,
448,2018-2학기 제2전공 및 전공심화과정 신청 안내,컴퓨터공학과,2018.05.14,0,1322,
447,조기졸업신청,컴퓨터공학과,2018.05.14,0,248,
446,2018-2학기 전과 신청,컴퓨터공학과,2018.05.14,0,382,
445,4학년 학사 졸업정보등 관련해서 오픈카톡방을 개설하였습니다.,컴퓨터공학과,2018.05.08,0,479,
444,2018 GOP 해외 파견 학생 모집,컴퓨터공학과,2018.05.04,0,249,
443,2018 비경계 융합과정 전공설명회,컴퓨터공학과,2018.05.02,0,320,
442,2018 하계방학 중 미국 Software 연수 참가자 모집 공고,컴퓨터공학과,2018.05.02,0,364,
441,3학년 필참!!! [104],컴퓨터공학과,2018.05.01,104,1077,
440,개교 79주년 기념 한마음 Festival 개최 및 참가 안내,컴퓨터공학과,2018.04.30,0,348,
439,‘ITRC FORUM 2018’ 행사 ‘리쿠르팅 페어’ 소개,컴퓨터공학과,2018.04.30,0,334,
438,졸업생 대상 IT취업교육 안내,컴퓨터공학과,2018.04.24,0,331,
437,석좌교수님 특강(인성세미나),컴퓨터공학과,2018.04.24,0,754,
436,가천멘토와 함께하는 직무박람회,컴퓨터공학과,2018.04.24,0,514,
435,전학년(게임 아카데미),컴퓨터공학과,2018.04.24,0,669,
434,4학년 필독!!!(취업 교육 관련),컴퓨터공학과,2018.04.24,0,580,
433,3학년 필독!!!(졸업프로젝트),컴퓨터공학과,2018.04.24,0,833,
432,2018-1학기 수업만족도 조사(1차) 실시 안내,컴퓨터공학과,2018.04.20,0,274,
431,현장실습 수상내역,컴퓨터공학과,2018.04.20,0,411,
430,2018년 학생예비군 기본훈련 공고문,컴퓨터공학과,2018.04.18,0,1010,
429,ACE 2018-2 실리콘밸리 프로젝트 홍보,컴퓨터공학과,2018.04.18,0,310,
428,2018년 IT 육성장학생 선발 계획,컴퓨터공학과,2018.04.17,0,411,
427,2018-1학기 천소룡기념 장학금 추천,컴퓨터공학과,2018.04.16,0,340,
426,2018년도 하계 계절학기 예비수강신청 안내,컴퓨터공학과,2018.04.11,0,324,
425,2017-후기 제2전공 자격신청서 관련안내,컴퓨터공학과,2018.04.09,0,307,
424,2018-1학기 인성세미나 특강 일정,컴퓨터공학과,2018.03.27,0,653,
423,학석사통합과정 학생 대학원 과목 수강신청 안내,컴퓨터공학과,2018.03.14,0,539,
422,2018-1학기 노트북지원금 신청 안내,컴퓨터공학과,2018.03.12,0,2871,
421,2018-1학기 영어능력 졸업인증 대체프로그램,컴퓨터공학과,2018.03.09,0,576,
420,2018-1학기 교내장학금 신청기간 안내,컴퓨터공학과,2018.03.09,0,571,
419,인성세미나 응급처치 재공지,컴퓨터공학과,2018.03.09,0,291,
418,"에듀에코세미나,소프트웨어신기술특론 [8]",컴퓨터공학과,2018.03.08,8,734,
417,2018-1학기 폐강 강좌,컴퓨터공학과,2018.03.08,0,787,
416,소프트웨어신기술특론 채정우교수님,컴퓨터공학과,2018.03.07,0,778,
415,특성화과목 수강신청 안내 [4],컴퓨터공학과,2018.03.06,4,875,
414,사회봉사 교과목 필수이수 졸업안내,컴퓨터공학과,2018.03.06,0,488,
413,긴급]2018학년도 신편입생 국가장학금 신청 안내,컴퓨터공학과,2018.03.06,0,431,
412,'소프트웨어신기술특론'과 '에듀에코세미나' 수강신청 안내 [13],컴퓨터공학과,2018.03.05,13,1631,
411,졸업프로젝트 수강신청안내(3),컴퓨터공학과,2018.03.04,0,929,
410,프로젝트 수강신청 안내(2) [1],컴퓨터공학과,2018.03.02,1,1046,
409,2018-1학기 추가등록기간 안내,컴퓨터공학과,2018.02.28,0,522,
408,신입생 인성세미나 수강신청 안내,컴퓨터공학과,2018.02.27,0,735,
407,인성세미나 응급처치교육 안내,컴퓨터공학과,2018.02.27,0,195,
406,제19기 학생홍보서포터즈 모집,컴퓨터공학과,2018.02.27,0,566,
405,기업의 요구는 성실. 신기술! 자신 있게 도전합시다!,컴퓨터공학과,2018.02.27,0,361,
404,제2전공 의무이수 졸업 안내,컴퓨터공학과,2018.02.26,0,496,
403,졸업프로젝트 지도교수 배정,컴퓨터공학과,2018.02.24,0,1154,
402,수강신청 추가개설 안내 [2],컴퓨터공학과,2018.02.24,2,2235,
401,소프트웨어 기초교양 과목 수강신청 안내,컴퓨터공학과,2018.02.21,0,610,
400,2018-1학기 장기 현장실습(실습학기제) 시행 안내,컴퓨터공학과,2018.02.20,0,489,
399,IPP 장기현장실습 관련 공지사항입니다,컴퓨터공학과,2018.02.19,0,552,
398,인문계 신·편입생 '이공학적 역량' 보충캠프 안내,컴퓨터공학과,2018.02.14,0,342,
397,2017학년도 전기 단과대학별 학위수여식 시행 안내,컴퓨터공학과,2018.02.14,0,467,
396,2018학년도 Pre-Gachon 신입생 교내 오리엔테이션 안내,컴퓨터공학과,2018.02.12,0,616,
395,수강 신청 교과목 추가 개설 [27],컴퓨터공학과,2018.02.08,27,3110,
394,폐강 및 추가개설,컴퓨터공학과,2018.02.08,-1,2660,
393,"2017-전기 졸업사정대상자(합격자, 불합격자) 안내문",컴퓨터공학과,2018.02.07,0,1211,
392,추가개설 안내 [275],컴퓨터공학과,2018.02.06,275,3489,
391,재입학 관련 공지사항,컴퓨터공학과,2018.02.02,0,457,
390,4학년 프로젝트 안내,컴퓨터공학과,2018.01.30,0,764,
389,(4학년)‘프로젝트’ 수강 신청 지침,컴퓨터공학과,2018.01.25,0,870,
388,2017학년도 전기 학위수여식 학위복 대여 안내,컴퓨터공학과,2018.01.24,0,460,
387,수강신청 유의 사항(전 학년 필독)3월10일까지 [2],컴퓨터공학과,2018.01.23,2,1738,
386,해외연수 일정변경 취소할사람 15:30까지 문자회신,컴퓨터공학과,2018.01.22,0,600,
385,2018-1학기 예비수강신청 안내,컴퓨터공학과,2018.01.22,0,898,
384,보충캠프 ‘프로젝트 개발 실무’ 신청 안내 [15],컴퓨터공학과,2018.01.19,15,885,
383,보충캠프 ‘파이썬 기초’ 신청 안내 [26],컴퓨터공학과,2018.01.19,26,959,
382,IPP장기현장실습,컴퓨터공학과,2018.01.17,0,700,
381,"`18년 가온미디어, ASPN 인턴(IPP장기현장실습) 모집 공고",컴퓨터공학과,2018.01.12,0,629,
380,2017학년도 동계방학 취업 비교과프로그램 참여안내,컴퓨터공학과,2018.01.11,0,466,
379,일본 나고야 ‘자동차 ICT융합 워크샵’ 참가 댓글신청 [79],컴퓨터공학과,2018.01.11,79,2103,
378,2017-2학기 사회봉사(교필) 결과물 취합 및 서류제출,컴퓨터공학과,2018.01.05,0,371,
377,동계계절학기 중 파이썬 보충캠프 ▶ 인원부족 미개설,컴퓨터공학과,2018.01.04,0,1040,
376,단기현장실습 추가신청 댓글 [6],컴퓨터공학과,2018.01.03,6,787,
375,현장실습 업체 추가,컴퓨터공학과,2017.12.28,0,627,
374,Honors 학생선발,컴퓨터공학과,2017.12.27,0,712,
373,2017년 재학생 만족도 조사 참여 요청,컴퓨터공학과,2017.12.21,0,313,
372,대학원 활성화를 위한 학술지원장학금 신청 안내,컴퓨터공학과,2017.12.21,0,384,
371,2017-전기 졸업대상자 졸업유보 신청 안내,컴퓨터공학과,2017.12.20,0,499,
370,2차멘토링,컴퓨터공학과,2017.12.19,0,513,
369,"현장실습안내(2,3학년)",컴퓨터공학과,2017.12.14,0,718,
368,2018학년도 IPP형 일학습병행제 추가모집 안내,컴퓨터공학과,2017.12.13,0,403,
367,2018-1학기 교내장학금 신청기간 안내,컴퓨터공학과,2017.12.12,0,406,
366,CE-TED 본선 심사 결과,컴퓨터공학과,2017.12.11,0,370,
365,CE 자소서 경진대회 결과,컴퓨터공학과,2017.12.11,0,365,
364,2018-1학기 학？석사연계과정 신청 안내,컴퓨터공학과,2017.12.11,0,337,
363,졸업작품 전시회,컴퓨터공학과,2017.12.06,0,938,
362,졸업작품 멘토링 일정,컴퓨터공학과,2017.12.06,0,880,
361,한마음페스티벌 안내,컴퓨터공학과,2017.12.05,0,780,
360,2018-1학기 학-석사연계과정 신청 안내,컴퓨터공학과,2017.12.05,0,327,
359,2017-동계 영어능력 졸업인증 대체프로그램 시행 안내,컴퓨터공학과,2017.12.05,0,490,
358,졸업프로젝트 2차 심사결과,컴퓨터공학과,2017.12.04,0,666,
357,CE-TED 예비 심사 결과,컴퓨터공학과,2017.11.29,0,476,
356,CE-TED 보고서 제출 공지사항,컴퓨터공학과,2017.11.29,0,317,
355,에듀에코세미나,컴퓨터공학과,2017.11.29,0,565,
354,CE-TED 예비 심사 안내,컴퓨터공학과,2017.11.28,0,448,
353,ACE 자소서 경진대회 자소서 제출 공지사항(변경),컴퓨터공학과,2017.11.25,0,668,
352,2017학년도 동계방학 실습학기제(현장실습) 실시 안내,컴퓨터공학과,2017.11.24,0,984,
351,IPP일학습병행제 안내사항,컴퓨터공학과,2017.11.24,0,506,
350,2017-전기 글로벌캠퍼스 졸업예정자 졸업학점,컴퓨터공학과,2017.11.22,0,417,
349,CE-TED 신청 연기 안내,컴퓨터공학과,2017.11.21,0,485,
348,ACE CE-TED 비교과 프로그램 등록,컴퓨터공학과,2017.11.20,0,487,
347,2017학년도 동계 계절학기 수강신청 안내,컴퓨터공학과,2017.11.20,0,507,
346,IPP장기현장실습 2018-1학기 참여 수요조사,컴퓨터공학과,2017.11.20,0,335,
345,3학년-내년도 졸업프로젝트,컴퓨터공학과,2017.11.20,0,1356,
344,푸른등대 삼성SOS 신규장학생(일시지원),컴퓨터공학과,2017.11.15,0,331,
343,ace자기소개서 경진대회 안내,컴퓨터공학과,2017.11.14,0,690,
342,ce-ted 예비심사 평가 일정안내,컴퓨터공학과,2017.11.14,0,564,
341,졸업프로젝트 문서,컴퓨터공학과,2017.11.14,0,953,
340,IPP 기업체 소개 및 매칭 설명회,컴퓨터공학과,2017.11.10,0,546,
339,"(기간연장) 현장실습우수수기 공모전(재학생직무체험,IPP형일학습병행제 포함)",컴퓨터공학과,2017.11.09,0,588,
338,2018학년 8월 졸업 예정자 IPP 장기현장실습 참여 안내,컴퓨터공학과,2017.11.08,0,420,
337,2017 졸업프로젝트 2차 심사 안내,컴퓨터공학과,2017.11.08,0,1047,
336,"2018-1학기 제2전공(부전공, 복수전공, 연계전공) 신청 안내",컴퓨터공학과,2017.11.07,0,745,
335,2018-1학기 조기졸업 신청 안내,컴퓨터공학과,2017.11.07,0,286,
334,2018-1학기 전과 신청 안내,컴퓨터공학과,2017.11.06,0,401,
333,영어능력 졸업인증 미인증자 토익성적 제출 마감기한 안내,컴퓨터공학과,2017.11.01,0,624,
332,2017-2학기 수업만족도 조사(1차) 실시 안내,컴퓨터공학과,2017.10.31,0,278,
331,졸업프로젝트 심사 일정,컴퓨터공학과,2017.10.27,0,1178,
330,졸업프로젝트 팀 구성,컴퓨터공학과,2017.10.25,0,832,
329,2017-전기 졸업대상자 제2전공(부/복수/연계전공) 자격신청서 제출 안내,컴퓨터공학과,2017.10.12,0,664,
328,2017학년도 동계 계절학기 예비수강신청 안내,컴퓨터공학과,2017.09.28,0,529,
327,"황재천-컴퓨터그래픽스(월D, 월E) 9월 18일 보충자료",컴퓨터공학과,2017.09.21,0,544,
326,2017학년도 2학기 수강포기 기간 안내,컴퓨터공학과,2017.09.21,0,576,
325,2017-2학기 노트북지원금 신청 안내,컴퓨터공학과,2017.09.20,0,1360,
324,2017학년도 2학기 수강신청 확인서 제출 안내/이수구분변경신청,컴퓨터공학과,2017.09.14,0,885,
323,2017-2학기 영어능력 졸업인증 대체프로그램 시행 안내,컴퓨터공학과,2017.09.13,0,446,
322,2017-2학기 교내장학금 2차 신청기간 안내,컴퓨터공학과,2017.09.13,0,671,
321,폐강안내,컴퓨터공학과,2017.09.07,0,998,
320,3학년 진로세미나 필수 신청!,컴퓨터공학과,2017.09.07,-2,1335,
319,4학년 졸업프로젝트(소모준비),컴퓨터공학과,2017.09.05,0,808,
318,졸업프로젝트 심사일정 안내,컴퓨터공학과,2017.09.04,0,647,
317,특성화 과목 신청,컴퓨터공학과,2017.09.04,0,935,
316,[취업] 청취아 ‘파이선기반의 빅데이터분석’ 과정 안내,컴퓨터공학과,2017.09.04,0,609,
315,[IPP] 오픈베이스 네트워크사업부,컴퓨터공학과,2017.09.04,0,417,
314,추가개설과목 안내,컴퓨터공학과,2017.08.30,0,1071,
313,2학기 수강신청 추가개설 요청 [132],컴퓨터공학과,2017.08.25,132,1598,
312,졸업예정자의 개인정보 수집·이용·제3자제공 동의서 제출안내,컴퓨터공학과,2017.08.14,0,517,
311,강좌 추가 개설 안내. [19],컴퓨터공학과,2017.08.11,19,1589,
310,"2016학년도 후기 졸업 합격자, 불합격자 안내문",컴퓨터공학과,2017.08.10,0,915,
309,2016-후기 졸업유보 신청자 승인현황,컴퓨터공학과,2017.08.09,0,651,
308,과목 추가 개설 요청 [173],컴퓨터공학과,2017.08.04,173,2635,
307,실용통계학2 대체과목 안내,컴퓨터공학과,2017.07.26,0,698,
306,2017-2학기 예비수강신청 안내,컴퓨터공학과,2017.07.20,0,1189,
305,전과 공지사항,컴퓨터공학과,2017.07.20,0,797,
304,설문조사(전학년),컴퓨터공학과,2017.07.17,0,695,
303,2학기 수강신청 [42],컴퓨터공학과,2017.07.13,42,1475,
302,2017년 SW 마에스트로 과정 제8기 연수생 모집,컴퓨터공학과,2017.07.04,0,505,
301,2016-후기 졸업예정자 졸업유보 신청 안내,컴퓨터공학과,2017.07.03,0,481,
300,대학원 활성화를 위한 학술지원장학금 신청 안내,컴퓨터공학과,2017.06.30,0,499,
299,현장실습,컴퓨터공학과,2017.06.29,0,513,
298,pct 시험 관련,컴퓨터공학과,2017.06.26,0,492,
297,인성세미나 수강학생 온라인 인성검사 실시,컴퓨터공학과,2017.06.22,0,581,
296,사회봉사(교필) 결과물 취합 방법 안내 및 제출 요청,컴퓨터공학과,2017.06.22,0,717,
295,전학년 설문조사 (교육과정개편),컴퓨터공학과,2017.06.21,0,667,
294,청년취업아카데미 '파이썬기반 빅데이터',컴퓨터공학과,2017.06.20,0,517,
293,IPP전공계절학기 신청 최종확인 [3],컴퓨터공학과,2017.06.16,3,536,
292,IPP전공계절학기 신청현황 [5],컴퓨터공학과,2017.06.15,5,614,
291,현장실습,컴퓨터공학과,2017.06.12,0,866,
290,프로젝트 멘토링 프로그램,컴퓨터공학과,2017.06.12,0,632,
289,[ CE-TED 참가학생 필독] 최종 결과 발표 및 공지사항,컴퓨터공학과,2017.06.05,-1,714,
288,TED 최종 발표회,컴퓨터공학과,2017.06.05,0,573,
287,4학년 취업프로그램,컴퓨터공학과,2017.06.02,0,573,
286,인성세미나 대체 수업 알림,컴퓨터공학과,2017.06.02,0,633,
285,제15회 임베디드 소프트웨어 경진대회 공지,컴퓨터공학과,2017.06.01,0,443,
284,IPP계절학기 신청현황 및 개설 [2],컴퓨터공학과,2017.06.01,2,708,
283,CE-TED 예시심사 결과 및 추후 일정,컴퓨터공학과,2017.05.31,0,527,
282,와이파이 관련 공지,컴퓨터공학과,2017.05.30,0,734,
281,[IPP] 장기현장실습 기업 추가 1회,컴퓨터공학과,2017.05.30,0,921,
280,[IPP] 계절학기 신청 및 상담 댓글 [7],컴퓨터공학과,2017.05.30,7,774,
279,[해외취업] 일본·베트남 언어 및 전공 교육 후 취업,컴퓨터공학과,2017.05.30,0,392,
278,취업 어디로? - IT전문기업 약점,컴퓨터공학과,2017.05.30,0,407,
277,CE-TED 예비심사 날짜변경 (동영상 심사 방법 공지),컴퓨터공학과,2017.05.29,0,647,
276,소프트웨어사업단 2017년 K-SW포럼 하계 인턴십 신청 안내,컴퓨터공학과,2017.05.19,0,496,
275,2017학년도 여름 계절학기 수강신청 안내,컴퓨터공학과,2017.05.16,0,560,
274,[3학년필독]설명회 5월 17일(수요일) 오후 5시부터 233호,컴퓨터공학과,2017.05.15,0,731,
273,[4학년필독]K-SW 포럼 회원사 채용 설명회,컴퓨터공학과,2017.05.15,0,619,
272,[전학년필독]ACE 사업 : CE-TED 신청 및 일정 공지,컴퓨터공학과,2017.05.15,0,1702,
271,"2017-2학기 제2전공(부전공, 복수전공, 연계전공) 신청 안내",컴퓨터공학과,2017.05.12,0,630,
270,2017-2학기 조기졸업 신청 안내,컴퓨터공학과,2017.05.12,0,309,
269,2017-1학기[ACE] ‘Bottom Up 학과별 수요자 맞춤형 비교과 프로그램’,컴퓨터공학과,2017.05.11,0,687,
268,2017-2학기 전과 신청 안내,컴퓨터공학과,2017.05.10,0,548,
267,[3학년 필독]졸업프로젝트 팀 구성,컴퓨터공학과,2017.05.08,0,872,
266,[3학년 필독]에듀에코 세미나 기술 특강안내,컴퓨터공학과,2017.05.08,0,769,
265,인성세미나 응급처치교육 최종 추가신청,컴퓨터공학과,2017.05.02,0,169,
264,1학년 인성세미나 통합수업안내.,컴퓨터공학과,2017.05.01,0,221,
263,3학년 학사 일정 설명회,컴퓨터공학과,2017.05.01,0,635,
262,IPP 설명회,컴퓨터공학과,2017.05.01,0,636,
261,2017학년도 여름 계절학기 예비수강신청 및 일정 안내,컴퓨터공학과,2017.04.24,0,382,
260,2017-1학기 수업만족도 조사(1차) 실시,컴퓨터공학과,2017.04.19,0,329,
259,2017년도 가천 GOP(Global Outreach Program) 해외 파견학생 모집,컴퓨터공학과,2017.04.12,0,507,
258,2017-1학기 <가천인 독후감 대회>,컴퓨터공학과,2017.04.03,0,738,
257,업지원관과 함께하는 <‘인성세미나’ 5~6주차 진로설계특강> 학생 참여지도 안내,컴퓨터공학과,2017.03.20,0,488,
256,2017-1학기 영어능력 졸업인증 대체프로그램 시행 안내,컴퓨터공학과,2017.03.20,0,630,
255,2017학년도 1학기 수강포기 안내,컴퓨터공학과,2017.03.20,0,438,
254,2017년도 1차 응급처치 및 심폐소생술 특강 신청 안내,컴퓨터공학과,2017.03.17,0,318,
253,2017-1학기 노트북지원금 신청 안내,컴퓨터공학과,2017.03.17,0,1663,
252,2017학년도 1학기 교직 적？인성검사 신청 안내,컴퓨터공학과,2017.03.15,0,343,
251,2017학년도 1학기 수강신청 확인서 제출 안내,컴퓨터공학과,2017.03.15,0,1029,
250,2017 신입생 온라인 ‘인성검사’ 시행,컴퓨터공학과,2017.03.13,0,335,
249,1학년 인성세미나 수강신청 지도교수변경,컴퓨터공학과,2017.03.08,0,518,
248,인성세미나 응급처치교육 신청,컴퓨터공학과,2017.03.06,0,374,
247,'소프트웨어신기술특론'과 '에듀에코세미나' 수강신청 안내,컴퓨터공학과,2017.03.04,0,1239,
246,전 학년 수강신청 안내,컴퓨터공학과,2017.03.04,0,1245,
245,4학년 '종합프로젝트' 팀구성 및 지도교수 배정,컴퓨터공학과,2017.03.04,0,1287,
244,17학년도 4학년 필독 졸업프로젝트관련입니다.,컴퓨터공학과,2017.02.22,0,1144,
243,취업,컴퓨터공학과,2017.02.15,0,814,
242,수강신청 유의사항(전학년 필독),컴퓨터공학과,2017.02.14,0,1626,
241,2016학년도 전기 학위수여식 시행 안내 및 합격자 안내,컴퓨터공학과,2017.02.13,0,812,
240,추가 등록기간 공고,컴퓨터공학과,2017.02.08,0,554,
239,졸프 멘토 일정,컴퓨터공학과,2017.02.02,0,917,
238,소프트웨어 기초교양 과목 수강신청 안내,컴퓨터공학과,2017.01.31,0,937,
237,졸업예정자(졸업작품집),컴퓨터공학과,2017.01.25,0,1037,
236,프로젝트 멘토 안내,컴퓨터공학과,2017.01.25,0,971,
235,2016학년도 전기 학위수여식 학위복 대여 안내,컴퓨터공학과,2017.01.25,0,312,
234,2017-1학기 예비수강신청 안내 (첨부파일 참조),컴퓨터공학과,2017.01.25,0,997,
233,편입/전과/외국인 학생 C언어 교육,컴퓨터공학과,2017.01.04,0,1065,
232,[가천대MSW] 모바일학과 모집 공고,컴퓨터공학과,2016.12.29,0,662,
231,[가천-PCT] C언어초급 미취득자 모든 추천 제외,컴퓨터공학과,2016.12.28,0,727,
230,[NCS] 연봉3500 기업도 지원 안하나요?,컴퓨터공학과,2016.12.23,0,1127,
229,"[ACE] 학과별 국가고시, 대외수상실적 증빙자료 제출",컴퓨터공학과,2016.12.20,0,485,
228,제 4회 취업진로 포트폴리오 콘테스트 참가자 모집 안내,컴퓨터공학과,2016.12.19,0,321,
227,취업성공후기 콘테스트,컴퓨터공학과,2016.12.19,0,356,
226,소프트웨어 자격제도 가천-PCT 실시 안내,컴퓨터공학과,2016.12.19,0,570,
225,2016-전기 졸업대상자 졸업유보 신청 안내,컴퓨터공학과,2016.12.19,0,578,
224,현장실습 안내,컴퓨터공학과,2016.12.16,0,835,
223,2016 겨울방학 인문학 캠프 참가자 모집,컴퓨터공학과,2016.12.16,0,393,
222,2017-1학기 교내장학금 신청기간 안내,컴퓨터공학과,2016.12.14,0,558,
221,[IPP] 4-2학기 IPP장기현장실습 거의 없음,컴퓨터공학과,2016.12.14,0,809,
220,[3학년]졸업프로젝트 안내,컴퓨터공학과,2016.12.13,0,764,
219,동계 방학 전공 특강 [2],컴퓨터공학과,2016.12.12,2,664,
218,2017-1학기 재입학 신청 안내,컴퓨터공학과,2016.12.12,0,322,
217,2017학년도 전기 일반대학원 신(편)입생 추가모집사항 안내,컴퓨터공학과,2016.12.12,0,288,
216,교수님 연구실 소개 자료,컴퓨터공학과,2016.12.09,0,437,
215,"[ACE] CE-TED, 과학기술 인문융합, 멘토링 장학금 명단 및 금액 공지",컴퓨터공학과,2016.12.09,0,844,
214,가천융합심포지엄-학생융합캠프,컴퓨터공학과,2016.12.09,0,341,
213,3학년 졸업작품 신청서 제출 (2차),컴퓨터공학과,2016.12.08,0,552,
212,C언어 초급 자격시험 공지 (시간 수정),컴퓨터공학과,2016.12.08,0,593,
211,학사연계과정 관련 공지,컴퓨터공학과,2016.12.07,0,321,
210,2017학년도 1학기 학？석사연계과정 신청 안내,컴퓨터공학과,2016.12.06,0,375,
209,"[ACE] CE-TED, 인문융합(특강, 창의설계), 멘토링(특강, 추가미션) 통합 공지",컴퓨터공학과,2016.12.06,0,894,
208,2016학년도 동계방학 재학생직무체험 및 계절제 현장실습 시행 안내 및 설명회 참석요청,컴퓨터공학과,2016.12.06,0,430,
207,2016-동계 영어능력 졸업인증 대체프로그램 시행 안내,컴퓨터공학과,2016.12.06,0,369,
206,국가우수장학금 신청안내,컴퓨터공학과,2016.12.05,0,471,
205,컴퓨터미디어융합학과 2016학년도 졸업프로젝트 2차 심사 공고,컴퓨터공학과,2016.11.30,0,656,
204,컴퓨터공학과 2016학년도 졸업프로젝트 제2차 심사 공고,컴퓨터공학과,2016.11.30,0,804,
203,졸업작품전시회 안내,컴퓨터공학과,2016.11.30,0,644,
202,[IT대학 한마음 행사 프로그램 신청],컴퓨터공학과,2016.11.30,0,631,
201,취업진로세미나 특강 안내,컴퓨터공학과,2016.11.24,0,536,
200,석좌교수님 전공 특강 안내,컴퓨터공학과,2016.11.24,0,357,
199,[ACE] 발표자 자료 제출 공지 - CE-TED [1],컴퓨터공학과,2016.11.24,1,730,
198,"[ACE] 보고서 양식 및 제출 일정 공지 - 인문융합, 멘토링 특강",컴퓨터공학과,2016.11.24,0,1062,
197,[ACE] CE-TED 및 인문융합창의설계 우수 발표자 공지,컴퓨터공학과,2016.11.24,0,569,
196,2016학년도 동계 계절학기 수강신청 안내,컴퓨터공학과,2016.11.22,0,408,
195,"2017학년도 1학기 제2전공(부전공, 복수전공, 연계전공) 신청 안내",컴퓨터공학과,2016.11.22,0,1346,
194,금주 11월 23일 (수)에듀에코세미나 특강 관련 안내,컴퓨터공학과,2016.11.21,0,393,
193,[ACE] 개발자 커뮤니티 멘토링 프로젝트 발표 공지,컴퓨터공학과,2016.11.21,0,461,
192,[졸업작품] 심사결과 안내,컴퓨터공학과,2016.11.21,0,1207,
191,취업지원관과 함께하는 <‘진로세미나’ 입사서류/면접 완전정복특강>,컴퓨터공학과,2016.11.17,0,297,
190,제8회 가천 영어 골든벨 퀴즈 대회 참가 안내,컴퓨터공학과,2016.11.17,0,195,
189,졸업생멘토링 4기 참여자 모집,컴퓨터공학과,2016.11.16,0,265,
188,졸업생들을 위한 ‘취업성공패키지’ 모집,컴퓨터공학과,2016.11.16,0,314,
187,[취업] 한국에너지공단 공개채용,컴퓨터공학과,2016.11.16,0,260,
186,[취업] '층간소음'특화기업 판교 다담마이크로(주) 긴급 채용,컴퓨터공학과,2016.11.16,0,300,
185,재학생 온라인 ‘적성검사’ 시행,컴퓨터공학과,2016.11.15,0,333,
184,대학원 활성화를 위한 학술지원장학생 대상자 장학금신청서 제출안내,컴퓨터공학과,2016.11.14,0,417,
183,진로세미나 특강 안내,컴퓨터공학과,2016.11.14,0,515,
182,2017학년도 1학기 조기졸업 신청 안내,컴퓨터공학과,2016.11.11,0,275,
181,컴퓨터미디어융합 학과 졸업작품 심사안내,컴퓨터공학과,2016.11.09,0,614,
180,컴퓨터공학과 졸업프로젝트 심사 안내,컴퓨터공학과,2016.11.09,0,997,
179,[ACE] 과학기술 인문융합 창의설계 분반 공지,컴퓨터공학과,2016.11.08,0,639,
178,"[ACE] CE-TED, 과학기술 인문융합 창의설계, 개발자 커뮤니티 멘토링 통합 공지",컴퓨터공학과,2016.11.08,0,918,
177,2017-1학기 전과 신청 안내,컴퓨터공학과,2016.11.04,0,645,
176,[기술특강 안내],컴퓨터공학과,2016.11.04,0,527,
175,2016-2학기 ‘제3회 현직담당자와 함께하는 직무릴레이’ 참여,컴퓨터공학과,2016.11.02,0,270,
174,[취업] (주)넷케이티아이 긴급 채용,컴퓨터공학과,2016.11.01,0,445,
173,2016 하반기 취업특강 실시 안내,컴퓨터공학과,2016.10.31,0,242,
172,2016-전기 졸업대상자 제2전공(부/복수/연계전공) 자격신청서 제출 안내,컴퓨터공학과,2016.10.28,0,414,
171,2016년도 3차 응급처치 및 심폐소생술 특강 신청,컴퓨터공학과,2016.10.27,0,232,
170,2016-2학기 ‘제3회 현직담당자와 함께하는 직무릴레이’,컴퓨터공학과,2016.10.25,0,238,
169,[ACE] 과학기술 인문융합 창의설계 세부 진행 일정 공지,컴퓨터공학과,2016.10.24,0,1004,
168,[ACE] 개발자 커뮤니티 멘토링 프로젝트 세부 진행 일정 공지,컴퓨터공학과,2016.10.24,0,924,
167,[ACE] CE-TED 세부 진행 일정 공지,컴퓨터공학과,2016.10.24,0,558,
166,ACE 장학금 신청서 및 설명회 자료 배포,컴퓨터공학과,2016.10.19,0,1578,
165,10월 19일 에듀에코세미나,컴퓨터공학과,2016.10.18,0,430,
164,(대학원)박사(석박사통합)학위 청구논문심사규정 및 심사일정 안내,컴퓨터공학과,2016.10.18,0,222,
163,(대학원)석사학위 청구논문심사규정 및 심사일정 안내,컴퓨터공학과,2016.10.18,0,131,
162,(대학원)2016학년도 후기 석·박사(석박사통합) 학위 청구논문 신청절차 및 심사일정 안내,컴퓨터공학과,2016.10.18,0,390,
161,2016학년도 동계 계절학기 예비수강신청 및 일정 안내,컴퓨터공학과,2016.10.13,0,343,
160,취업,컴퓨터공학과,2016.10.12,0,542,
159,2016-2학기 컴공과 ACE Bottom-up 장학금 프로그램 설명회 개최,컴퓨터공학과,2016.10.12,0,622,
158,교직이수자 2017학년도 1학기 학교현장(교육)실습 신청 안내,컴퓨터공학과,2016.10.06,0,373,
157,2016학년도 2학기 교직 적？인성검사 일시 및 장소 안내,컴퓨터공학과,2016.10.06,0,224,
156,2016-2학기 미등록 및 미복학자 명단 알림(3차),컴퓨터공학과,2016.10.05,0,342,
155,10월 5일(수) 에듀에코세미나 전체특강,컴퓨터공학과,2016.10.04,0,499,
154,2016-2 졸업앨범촬영 관련 안내,컴퓨터공학과,2016.09.30,0,373,
153,교내 예방접종 종결 안내,컴퓨터공학과,2016.09.27,0,494,
152,학생종합상담실 프로그램 요구도 설문조사,컴퓨터공학과,2016.09.27,0,159,
151,2016년도 가천제 및 학술문화제 관련(음주 허용) 안내,컴퓨터공학과,2016.09.26,0,533,
150,2016-2학기 교내장학금 2차 신청기간 안내,컴퓨터공학과,2016.09.22,0,328,
149,2016-2학기 2차 미등록 및 미복학자 관련,컴퓨터공학과,2016.09.21,0,232,
148,에듀에코세미나 수업 안내,컴퓨터공학과,2016.09.21,0,305,
147,2016학년도 2학기 수강신청 확인서 제출 안내,컴퓨터공학과,2016.09.12,0,694,
146,2016-2학기 영어능력 졸업인증 대체프로그램 시행 안내,컴퓨터공학과,2016.09.12,0,389,
145,스마트저축은행 채용 안내,컴퓨터공학과,2016.09.07,0,523,
144,정보보호 수강 안내,컴퓨터공학과,2016.09.07,0,496,
143,2016-2학기 캠퍼스이동 학생 안내 사항,컴퓨터공학과,2016.09.07,0,386,
142,2016-2학기 노트북지원금 신청 안내,컴퓨터공학과,2016.09.07,0,1612,
141,"[IPP] SW개발, 게임QA 희망자 추가 신청 [1]",컴퓨터공학과,2016.09.05,1,710,
140,2016-2학기 2차 추가개설 신청 안내 [114],컴퓨터공학과,2016.09.02,114,1816,
139,2016-2학기 미등록 및 미복학 안내,컴퓨터공학과,2016.09.02,0,411,
138,"3학년 필독 (조기졸업, 학석사연계과정진학자)",컴퓨터공학과,2016.08.31,0,497,
137,[ACE］2016년도 힐링 멘토링 프로그램 안내,컴퓨터공학과,2016.08.26,0,435,
136,중앙도서관 독서토론 동아리 참가자 모집 안내,컴퓨터공학과,2016.08.25,0,284,
135,2016년도 집단상담 프로그램 안내,컴퓨터공학과,2016.08.24,0,269,
134,2016-2 등록금 납부 안내,컴퓨터공학과,2016.08.16,0,520,
133,2016-2 특성화 교과목 수강신청 안내,컴퓨터공학과,2016.08.16,0,996,
132,3학년 전공심화 관련,컴퓨터공학과,2016.08.12,0,1051,
131,[취업],컴퓨터공학과,2016.08.10,0,627,
130,2015-후기 글로벌캠퍼스 졸업유보 신청자관련 안내,컴퓨터공학과,2016.08.04,0,299,
129,[IPP] IPP장기현장실습 사전교육 안내,컴퓨터공학과,2016.08.02,0,474,
128,모바일소프트웨어학과 신입생 모집 공고,컴퓨터공학과,2016.08.02,0,346,
127,[취업],컴퓨터공학과,2016.07.29,0,434,
126,「제3회 소프트웨어(SW) 보안 경진대회」안내,컴퓨터공학과,2016.07.28,0,358,
125,3학년 전공심화 관련,컴퓨터공학과,2016.07.25,0,1016,
124,2016-2학기 일반재입학 허가자 관련 공지,컴퓨터공학과,2016.07.25,0,232,
123,2016-2학기 예비수강신청 안내,컴퓨터공학과,2016.07.25,0,713,
122,[IPP] 2016-IPP장기현장실습 협약기업 공개,컴퓨터공학과,2016.07.21,0,1067,
121,[(사)한국정보통신기술사협회] (국비지원) 2016년 이공계전문기술연수 수강생 모집,컴퓨터공학과,2016.07.21,0,293,
120,2016-2학기 문숙장학재단 장학생 추천 안내,컴퓨터공학과,2016.07.15,0,459,
119,2차 현장실습 신청 안내,컴퓨터공학과,2016.07.12,0,537,
118,"[컴공,컴미융 3,4학년] 자바 보충특강 모집 공지",컴퓨터공학과,2016.07.01,0,569,
117,[한국커리어개발원] 직무교육과정 안내,컴퓨터공학과,2016.06.21,0,459,
116,공과대학 여학생 진로계획 및 현황 파악 설문조사 안내 (여학생 필수),컴퓨터공학과,2016.06.21,0,589,
115,2015학년도 후기 졸업유보 신청 안내,컴퓨터공학과,2016.06.21,0,414,
114,가천대학교 인근 주거지역 민원 관련 학생 생활 지침 안내,컴퓨터공학과,2016.06.15,0,522,
113,대학원 활성화를 위한 학술지원장학금 신청서 제출 안내,컴퓨터공학과,2016.06.15,0,468,
112,컴퓨터공학과 보충캠프 일정 안내,컴퓨터공학과,2016.06.15,0,648,
111,2016-2학기 재입학 신청 안내,컴퓨터공학과,2016.06.15,0,309,
110,신입생 온라인 ‘인성검사’ 시행 연장안내,컴퓨터공학과,2016.06.15,0,224,
109,2016-1 하계 현장실습 안내,컴퓨터공학과,2016.06.10,0,1126,
108,"[ACE] 필독 CE-TED, 창의소프트웨어 경진대회 장학금 서류 제출",컴퓨터공학과,2016.06.09,0,550,
107,[ACE]CE-TED 및 창의SW설계경진대회 수상 명단,컴퓨터공학과,2016.06.07,0,819,
106,[교직]2016학년도 <학교현장실습> 평가회 및 컨설팅 참석 안내,컴퓨터공학과,2016.06.07,0,269,
105,판교테크노밸리 내 윈스 탐방 안내 (SW사업단),컴퓨터공학과,2016.06.02,0,501,
104,"[ACE] 필독 CE-TED, 창의소프트웨어 경진대회 중요 공지사항",컴퓨터공학과,2016.06.02,0,1171,
103,제 47회 한국어능력시험(TOPIK) 대비 모의토픽반 신청 안내,컴퓨터공학과,2016.06.01,0,225,
102,2016년도 2차 응급처치 및 심폐소생술 특강 신청 안내(교직),컴퓨터공학과,2016.06.01,0,194,
101,2015학년도 후기 교원자격 무시험검정원서 제출 안내,컴퓨터공학과,2016.06.01,0,224,
100,"2016학년도 2학기 학,석사연계과정 신청 안내",컴퓨터공학과,2016.05.31,0,365,
99,2016-하계 TOEIC/TOEIC Speaking/TOEFL Camp 참가 안내,컴퓨터공학과,2016.05.26,0,193,
98,2016-하계 영어능력 졸업인증 대체프로그램 시행 안내,컴퓨터공학과,2016.05.26,0,353,
97,제2회 가천 유니온 독서토론대회 참가자 모집 안내,컴퓨터공학과,2016.05.26,0,181,
96,ACE 창의 소프트웨어 설계 경진대회 공지,컴퓨터공학과,2016.05.25,0,723,
95,인성세미나 응급처치교육 보강수업 안내,컴퓨터공학과,2016.05.24,0,153,
94,빅데이터 전문인력 양성과정 설명회 안내,컴퓨터공학과,2016.05.20,0,517,
93,넥슨 네코제 행사 알바 모집 공고 안내,컴퓨터공학과,2016.05.20,0,549,
92,ACE_SW 설계 경진대회 공지사항,컴퓨터공학과,2016.05.19,0,658,
91,경기콘텐츠진흥원 청년창업 SMART 2030 모집 안내,컴퓨터공학과,2016.05.18,0,301,
90,2015-후기 글로벌캠퍼스 졸업예정자 하계 계절학기 수강지도 안내,컴퓨터공학과,2016.05.18,0,344,
89,[창업] 졸업·졸업예정자 창업지원 안내,컴퓨터공학과,2016.05.16,0,281,
88,5？ 16일 졸업작품 수업 안내,컴퓨터공학과,2016.05.16,0,595,
87,[해외인턴] 2017미국인턴 재공지 <생활영어회화 3개월 소요>,컴퓨터공학과,2016.05.14,0,625,
86,취업확인 : 16년 2월 졸업생 여러분!!!,컴퓨터공학과,2016.05.13,0,655,
85,2016학년도 2학기 연계전공 신청 안내,컴퓨터공학과,2016.05.12,0,284,
84,2016학년도 2학기 조기졸업 신청 안내,컴퓨터공학과,2016.05.12,0,215,
83,신입생 온라인 ‘인성검사’ 시행,컴퓨터공학과,2016.05.12,0,239,
82,2016학년도 하계 계절학기 수강신청 안내,컴퓨터공학과,2016.05.12,0,247,
81,2016학년도 2학기 부전공 및 복수전공 신청 안내,컴퓨터공학과,2016.05.12,0,437,
80,노트북 지원금 개인정보제공 동의서 안내.,컴퓨터공학과,2016.05.11,0,887,
79,2016 소통 크리에이터 발굴프로젝트 신청 안내,컴퓨터공학과,2016.05.11,0,250,
78,개인정보제공동의서 (학과양식),컴퓨터공학과,2016.05.11,0,521,
77,[해외인턴] 2017년 미국 인턴1년 설명회 안내,컴퓨터공학과,2016.05.10,0,373,
76,청년취업아카데미,컴퓨터공학과,2016.05.09,0,731,
75,ACE 장학금 CE-TED 제출방법및 수정일정 - 중요,컴퓨터공학과,2016.05.04,0,846,
74,[미래부 주최] 'K-ICT NET 챌린지 캠프 시즌3' 공지,컴퓨터공학과,2016.05.02,0,349,
73,미술치료 참여 희망자 모집 안내,컴퓨터공학과,2016.04.28,0,237,
72,2016년 1학기 ACE 사업 시행계획 - 장학금,컴퓨터공학과,2016.04.27,0,1222,
71,2015학년도 후기 졸업대상자 제2전공(부/복수/연계전공) 자격신청서 제출 안내,컴퓨터공학과,2016.04.26,0,369,
70,가천대학교 학생예비군 향방기본훈련 계획 안내,컴퓨터공학과,2016.04.20,0,649,
69,2016년도 SW Maestro 과정_제 7기 연수생 모집 안내,컴퓨터공학과,2016.04.19,0,446,
68,2016학년도 하계 계절학기 일정 및 예비수강신청 안내,컴퓨터공학과,2016.04.18,0,361,
67,2017.2월 졸업 예정자 졸업인증 미인증 토익성적 제출 마감 기한 안내,컴퓨터공학과,2016.04.15,0,439,
66,4학년 졸업사진 촬영 스케줄 공지,컴퓨터공학과,2016.04.14,0,427,
65,인성세미나 응급처치교육 미수업자 추가신청 및 보강 안내,컴퓨터공학과,2016.04.12,0,244,
64,2016년 제2회 가천 한국어 골든벨 대회 안내,컴퓨터공학과,2016.04.12,0,224,
63,"[컴공, 컴미융 3,4학년 필독!]- 4월 특강계획 공지",컴퓨터공학과,2016.04.11,0,661,
62,2016 유네스코 에너지 기후변화 프런티어 참가자 모집안내,컴퓨터공학과,2016.04.08,0,322,
61,2016년도 전기 대학연구기관 전문연구요원지원사업 대학설명회 안내,컴퓨터공학과,2016.04.06,0,200,
60,2016학년도 1학기 교직 적.인성검사 일시 및 장소 안내,컴퓨터공학과,2016.04.05,0,287,
59,[2016년 SW동아리 재능기부 챌린지] 모집 안내,컴퓨터공학과,2016.04.04,0,314,
58,불법 복제 소프트웨어 사용 금지 알림,컴퓨터공학과,2016.03.29,0,850,
57,[NCS] (주)윈스 프로그래밍숙달자 성적무관 추가 모집,컴퓨터공학과,2016.03.28,0,447,
56,[NCS] 세계80%사용ERP - SAP(B1) 판권 보유기업 모닝정보 안내,컴퓨터공학과,2016.03.28,0,387,
55,[안내] 2016 공학교육혁신센터 취업캠프 참가자 모집,컴퓨터공학과,2016.03.24,0,316,
54,인성세미나 진로설계특강 참여 안내,컴퓨터공학과,2016.03.23,0,407,
53,2016학년도 1학기 수강포기 안내,컴퓨터공학과,2016.03.22,0,381,
52,[IPP] 2016-2학기 IPP-장기현장실습 인원 대폭 축소,컴퓨터공학과,2016.03.22,0,745,
51,[NCS] 2016-1학기 교과목 개설 안내,컴퓨터공학과,2016.03.22,0,636,
50,[NCS] 보안솔루션 ‘스나이퍼’ (주)윈스 추천,컴퓨터공학과,2016.03.21,0,601,
49,[NCS] 일학습병행제 학점이수체계 및 마지막 신청,컴퓨터공학과,2016.03.21,0,792,
48,2016학년도 1학기 특별강좌 ‘知性學1 '운영 안내,컴퓨터공학과,2016.03.21,0,550,
47,"2016-1 미등록, 미복학자 안내사항 (2차)",컴퓨터공학과,2016.03.17,0,519,
46,"[NCS] 추가 기업 윈스, 비투엔, 넷케이티아이 설명회",컴퓨터공학과,2016.03.17,0,1220,
45,2016-1학기 졸업인증 대체프로그램 안내,컴퓨터공학과,2016.03.16,0,739,
44,2016-1학기 개인용 노트북지원금 신청 안내,컴퓨터공학과,2016.03.16,0,2460,
43,소프트웨어사업단 기자단 모집 안내,컴퓨터공학과,2016.03.16,0,556,
42,소프트웨어사업단 홈페이지 정보 update 안내,컴퓨터공학과,2016.03.16,0,827,
41,2016-1학기 「가천인 독후감대회」개최 안내,컴퓨터공학과,2016.03.16,0,601,
40,2015년도 후기 졸업불합격자 필독사항,컴퓨터공학과,2016.03.15,0,838,
39,2016학년도 학교현장실습(교직)안내,컴퓨터공학과,2016.03.15,0,742,
38,2016-1학기 교내장학금 2차 신청기간 안내,컴퓨터공학과,2016.03.15,0,603,
37,[신입사원채용] 디지털 광고 대행사 차이커뮤니케이션 신입사원 채용 공고문,컴퓨터공학과,2016.03.15,0,744,
36,2016-1 수강신청 확인원 제출 안내,컴퓨터공학과,2016.03.14,0,935,
35,2016학년도 인성캠프 안내,컴퓨터공학과,2016.03.14,0,527,
34,[SPC] 2016년 제1회 국가공인 소프트웨어자산관리사(C-SAM) 자격시험 안내,컴퓨터공학과,2016.03.14,0,433,
33,"2016-1 교직 적,인성검사 실시안내",컴퓨터공학과,2016.03.14,0,421,
32,한국과학기술정보연구원(KISTI) 견학 안내,컴퓨터공학과,2016.03.10,0,501,
31,(필독!!) 2016-1 응급처지교육 관련 안내,컴퓨터공학과,2016.03.10,0,647,
30,"2016-1 등록기간,복학,휴학기간 연장안내",컴퓨터공학과,2016.03.07,0,583,
29,2016학년도 교직이수자 학교현장(교육)실습 관련 안내,컴퓨터공학과,2016.03.04,0,655,
28,[NCS] 일학습병행제 추가 신청받습니다.,컴퓨터공학과,2016.03.04,0,926,
27,가천대 제17기 학생홍보서포터즈 모집 안내,컴퓨터공학과,2016.03.03,0,510,
26,[1학년 필독] 소프트웨어 중심세상 수강 관련 안내,컴퓨터공학과,2016.03.03,0,1083,
25,대학생 대상 불법다단계 예방안내,컴퓨터공학과,2016.02.29,0,506,
24,1학년 수강신청,컴퓨터공학과,2016.02.26,0,909,
23,2016-1학기 추가 등록기간 안내,컴퓨터공학과,2016.02.25,0,543,
22,2016학년도 인성세미나 응급처치교육 협조 요청,컴퓨터공학과,2016.02.24,0,548,
21,2016학년도 재학생 건강검진 신청 안내,컴퓨터공학과,2016.02.24,0,498,
20,2016학년도 신ㆍ편입생 건강검진 신청 안내,컴퓨터공학과,2016.02.24,0,391,
19,SW중심대학 사업단 수업조교 공고,컴퓨터공학과,2016.02.24,0,603,
18,컴퓨터미디어융합학과 수강신청 공지사항,컴퓨터공학과,2016.02.24,0,651,
17,[NCS] 일학습병행제 협약기업 공개 및 신청,컴퓨터공학과,2016.02.24,0,1272,
16,[NCS] 일학습병행제 안내 및 일정,컴퓨터공학과,2016.02.24,0,1186,
15,[취업] 씨엠제이씨 신입사원 채용,컴퓨터공학과,2016.02.23,0,779,
14,특성화 교과목 수강 관련 안내,컴퓨터공학과,2016.02.16,0,1048,
13,미졸업 사유서,컴퓨터공학과,2016.02.11,0,797,
12,"2015학년도 전기 졸업자(합격자, 불합격자) 안내문",컴퓨터공학과,2016.02.11,0,860,
11,졸업유보자 유의사항 안내,컴퓨터공학과,2016.02.11,0,565,
10,2016-1 수강신청안내,컴퓨터공학과,2016.02.11,0,950,
9,2015학년도 전기 학위수여식 안내,컴퓨터공학과,2016.01.26,0,685,
8,가천 소프트웨어 예비대학 실습조교 및 이론강의조교 모집,컴퓨터공학과,2016.01.22,0,888,
7,[필독] 프로젝트 수강신청 안내,컴퓨터공학과,2016.01.19,0,1342,
6,[필독] 수강신청 안내,컴퓨터공학과,2016.01.19,0,1650,
5,2차_현장실습,컴퓨터공학과,2016.01.17,0,1151,
4,[취업] 채용홍보((주)윈스),컴퓨터공학과,2016.01.15,0,695,
3,2016-1학기 예비수강신청 안내,컴퓨터공학과,2016.01.15,0,954,
2,2016.8월 졸업예정자 영어능력 졸업인증 미인증자 토익성적 제출 안내,컴퓨터공학과,2016.01.13,0,768,
1,졸업유보신청서(교직),컴퓨터공학과,2016.01.11,0,540,
